application_id,student_id,company_id,stage
APP00001,STU0001,COMP035,Applied
APP00002,STU0001,COMP009,Interviewed
APP00003,STU0001,COMP031,Applied
APP00004,STU0002,COMP013,Offered
APP00005,STU0002,COMP020,Applied
APP00006,STU0002,COMP026,Offered
APP00007,STU0002,COMP024,Applied
APP00008,STU0002,COMP029,Shortlisted
APP00009,STU0002,COMP034,Applied
APP00010,STU0002,COMP036,Interviewed
APP00011,STU0003,COMP035,Offered
APP00012,STU0003,COMP009,Shortlisted
APP00013,STU0003,COMP037,Interviewed
APP00014,STU0003,COMP031,Shortlisted
APP00015,STU0004,COMP004,Applied
APP00016,STU0004,COMP026,Interviewed
APP00017,STU0004,COMP022,Interviewed
APP00018,STU0005,COMP029,Shortlisted
APP00019,STU0005,COMP036,Applied
APP00020,STU0005,COMP007,Applied
APP00021,STU0006,COMP011,Offered
APP00022,STU0006,COMP027,Shortlisted
APP00023,STU0006,COMP032,Shortlisted
APP00024,STU0006,COMP031,Applied
APP00025,STU0007,COMP036,Applied
APP00026,STU0007,COMP032,Applied
APP00027,STU0007,COMP010,Applied
APP00028,STU0007,COMP013,Applied
APP00029,STU0007,COMP019,Interviewed
APP00030,STU0007,COMP014,Applied
APP00031,STU0008,COMP004,Interviewed
APP00032,STU0008,COMP033,Shortlisted
APP00033,STU0008,COMP006,Applied
APP00034,STU0008,COMP012,Applied
APP00035,STU0009,COMP040,Applied
APP00036,STU0009,COMP006,Applied
APP00037,STU0009,COMP027,Interviewed
APP00038,STU0010,COMP016,Applied
APP00039,STU0010,COMP017,Applied
APP00040,STU0010,COMP026,Applied
APP00041,STU0010,COMP009,Shortlisted
APP00042,STU0010,COMP020,Applied
APP00043,STU0011,COMP005,Applied
APP00044,STU0011,COMP035,Offered
APP00045,STU0011,COMP014,Offered
APP00046,STU0012,COMP020,Shortlisted
APP00047,STU0012,COMP034,Applied
APP00048,STU0012,COMP001,Offered
APP00049,STU0012,COMP036,Applied
APP00050,STU0012,COMP040,Applied
APP00051,STU0012,COMP007,Applied
APP00052,STU0012,COMP009,Applied
APP00053,STU0013,COMP004,Shortlisted
APP00054,STU0013,COMP006,Applied
APP00055,STU0013,COMP028,Shortlisted
APP00056,STU0013,COMP018,Applied
APP00057,STU0013,COMP003,Offered
APP00058,STU0014,COMP035,Applied
APP00059,STU0014,COMP003,Offered
APP00060,STU0014,COMP024,Applied
APP00061,STU0014,COMP038,Applied
APP00062,STU0015,COMP023,Applied
APP00063,STU0015,COMP014,Interviewed
APP00064,STU0015,COMP016,Applied
APP00065,STU0016,COMP016,Shortlisted
APP00066,STU0016,COMP011,Shortlisted
APP00067,STU0016,COMP012,Applied
APP00068,STU0016,COMP027,Applied
APP00069,STU0017,COMP018,Applied
APP00070,STU0017,COMP011,Applied
APP00071,STU0017,COMP007,Shortlisted
APP00072,STU0017,COMP025,Interviewed
APP00073,STU0018,COMP015,Applied
APP00074,STU0018,COMP002,Applied
APP00075,STU0018,COMP013,Applied
APP00076,STU0018,COMP026,Shortlisted
APP00077,STU0019,COMP035,Applied
APP00078,STU0019,COMP022,Applied
APP00079,STU0019,COMP002,Offered
APP00080,STU0019,COMP008,Applied
APP00081,STU0019,COMP017,Applied
APP00082,STU0019,COMP012,Applied
APP00083,STU0020,COMP025,Shortlisted
APP00084,STU0020,COMP037,Shortlisted
APP00085,STU0020,COMP013,Applied
APP00086,STU0021,COMP024,Applied
APP00087,STU0021,COMP028,Applied
APP00088,STU0021,COMP005,Shortlisted
APP00089,STU0021,COMP022,Applied
APP00090,STU0022,COMP021,Applied
APP00091,STU0022,COMP026,Applied
APP00092,STU0022,COMP019,Applied
APP00093,STU0022,COMP036,Applied
APP00094,STU0022,COMP009,Applied
APP00095,STU0022,COMP013,Offered
APP00096,STU0023,COMP014,Applied
APP00097,STU0023,COMP028,Applied
APP00098,STU0023,COMP038,Interviewed
APP00099,STU0023,COMP039,Applied
APP00100,STU0023,COMP021,Interviewed
APP00101,STU0024,COMP022,Interviewed
APP00102,STU0024,COMP006,Applied
APP00103,STU0024,COMP016,Interviewed
APP00104,STU0024,COMP020,Shortlisted
APP00105,STU0024,COMP015,Applied
APP00106,STU0024,COMP013,Applied
APP00107,STU0024,COMP010,Applied
APP00108,STU0025,COMP007,Shortlisted
APP00109,STU0025,COMP028,Applied
APP00110,STU0025,COMP015,Interviewed
APP00111,STU0026,COMP009,Applied
APP00112,STU0026,COMP030,Applied
APP00113,STU0026,COMP034,Applied
APP00114,STU0026,COMP036,Applied
APP00115,STU0026,COMP021,Applied
APP00116,STU0026,COMP029,Applied
APP00117,STU0027,COMP029,Applied
APP00118,STU0027,COMP017,Offered
APP00119,STU0027,COMP016,Interviewed
APP00120,STU0027,COMP018,Interviewed
APP00121,STU0027,COMP034,Applied
APP00122,STU0027,COMP032,Interviewed
APP00123,STU0028,COMP004,Applied
APP00124,STU0028,COMP014,Applied
APP00125,STU0028,COMP027,Interviewed
APP00126,STU0028,COMP025,Applied
APP00127,STU0028,COMP002,Applied
APP00128,STU0028,COMP037,Applied
APP00129,STU0029,COMP015,Shortlisted
APP00130,STU0029,COMP032,Applied
APP00131,STU0029,COMP040,Applied
APP00132,STU0029,COMP018,Applied
APP00133,STU0029,COMP028,Applied
APP00134,STU0029,COMP039,Applied
APP00135,STU0029,COMP002,Applied
APP00136,STU0030,COMP038,Applied
APP00137,STU0030,COMP037,Offered
APP00138,STU0030,COMP002,Applied
APP00139,STU0030,COMP006,Applied
APP00140,STU0030,COMP028,Applied
APP00141,STU0030,COMP009,Shortlisted
APP00142,STU0031,COMP017,Applied
APP00143,STU0031,COMP006,Shortlisted
APP00144,STU0031,COMP031,Applied
APP00145,STU0031,COMP002,Applied
APP00146,STU0031,COMP035,Applied
APP00147,STU0031,COMP004,Applied
APP00148,STU0032,COMP002,Shortlisted
APP00149,STU0032,COMP040,Applied
APP00150,STU0032,COMP010,Shortlisted
APP00151,STU0032,COMP016,Applied
APP00152,STU0033,COMP039,Offered
APP00153,STU0033,COMP008,Applied
APP00154,STU0033,COMP011,Applied
APP00155,STU0033,COMP020,Shortlisted
APP00156,STU0034,COMP038,Applied
APP00157,STU0034,COMP016,Shortlisted
APP00158,STU0034,COMP007,Applied
APP00159,STU0035,COMP003,Applied
APP00160,STU0035,COMP023,Interviewed
APP00161,STU0035,COMP035,Interviewed
APP00162,STU0035,COMP028,Applied
APP00163,STU0035,COMP024,Interviewed
APP00164,STU0035,COMP005,Applied
APP00165,STU0035,COMP033,Applied
APP00166,STU0036,COMP031,Interviewed
APP00167,STU0036,COMP030,Applied
APP00168,STU0036,COMP028,Applied
APP00169,STU0036,COMP018,Offered
APP00170,STU0036,COMP021,Applied
APP00171,STU0036,COMP016,Offered
APP00172,STU0036,COMP006,Applied
APP00173,STU0037,COMP036,Interviewed
APP00174,STU0037,COMP001,Interviewed
APP00175,STU0037,COMP034,Offered
APP00176,STU0037,COMP013,Interviewed
APP00177,STU0037,COMP006,Offered
APP00178,STU0038,COMP022,Offered
APP00179,STU0038,COMP023,Applied
APP00180,STU0038,COMP030,Applied
APP00181,STU0038,COMP018,Interviewed
APP00182,STU0038,COMP020,Applied
APP00183,STU0038,COMP017,Applied
APP00184,STU0038,COMP015,Applied
APP00185,STU0039,COMP007,Interviewed
APP00186,STU0039,COMP013,Shortlisted
APP00187,STU0039,COMP019,Applied
APP00188,STU0039,COMP015,Applied
APP00189,STU0039,COMP024,Shortlisted
APP00190,STU0040,COMP007,Applied
APP00191,STU0040,COMP001,Interviewed
APP00192,STU0040,COMP037,Applied
APP00193,STU0040,COMP019,Applied
APP00194,STU0040,COMP031,Applied
APP00195,STU0040,COMP036,Shortlisted
APP00196,STU0041,COMP010,Interviewed
APP00197,STU0041,COMP037,Applied
APP00198,STU0041,COMP020,Applied
APP00199,STU0042,COMP015,Shortlisted
APP00200,STU0042,COMP034,Applied
APP00201,STU0042,COMP025,Applied
APP00202,STU0042,COMP029,Applied
APP00203,STU0042,COMP037,Interviewed
APP00204,STU0042,COMP020,Offered
APP00205,STU0042,COMP028,Interviewed
APP00206,STU0043,COMP003,Applied
APP00207,STU0043,COMP015,Applied
APP00208,STU0043,COMP019,Applied
APP00209,STU0043,COMP030,Applied
APP00210,STU0043,COMP005,Applied
APP00211,STU0044,COMP028,Applied
APP00212,STU0044,COMP008,Applied
APP00213,STU0044,COMP035,Applied
APP00214,STU0044,COMP015,Offered
APP00215,STU0045,COMP019,Applied
APP00216,STU0045,COMP029,Applied
APP00217,STU0045,COMP008,Offered
APP00218,STU0045,COMP030,Offered
APP00219,STU0045,COMP020,Applied
APP00220,STU0045,COMP026,Applied
APP00221,STU0045,COMP018,Applied
APP00222,STU0046,COMP018,Applied
APP00223,STU0046,COMP037,Offered
APP00224,STU0046,COMP003,Shortlisted
APP00225,STU0047,COMP032,Offered
APP00226,STU0047,COMP006,Interviewed
APP00227,STU0047,COMP031,Shortlisted
APP00228,STU0047,COMP023,Offered
APP00229,STU0047,COMP027,Shortlisted
APP00230,STU0047,COMP022,Applied
APP00231,STU0048,COMP035,Interviewed
APP00232,STU0048,COMP030,Applied
APP00233,STU0048,COMP027,Offered
APP00234,STU0049,COMP019,Shortlisted
APP00235,STU0049,COMP029,Applied
APP00236,STU0049,COMP032,Applied
APP00237,STU0049,COMP008,Offered
APP00238,STU0050,COMP008,Applied
APP00239,STU0050,COMP030,Shortlisted
APP00240,STU0050,COMP010,Interviewed
APP00241,STU0050,COMP032,Offered
APP00242,STU0051,COMP033,Interviewed
APP00243,STU0051,COMP009,Applied
APP00244,STU0051,COMP005,Applied
APP00245,STU0051,COMP018,Applied
APP00246,STU0051,COMP027,Applied
APP00247,STU0051,COMP022,Applied
APP00248,STU0051,COMP040,Applied
APP00249,STU0052,COMP036,Applied
APP00250,STU0052,COMP035,Applied
APP00251,STU0052,COMP025,Interviewed
APP00252,STU0052,COMP030,Applied
APP00253,STU0052,COMP021,Interviewed
APP00254,STU0053,COMP025,Applied
APP00255,STU0053,COMP010,Applied
APP00256,STU0053,COMP032,Shortlisted
APP00257,STU0053,COMP003,Shortlisted
APP00258,STU0053,COMP009,Interviewed
APP00259,STU0053,COMP033,Applied
APP00260,STU0054,COMP031,Applied
APP00261,STU0054,COMP017,Applied
APP00262,STU0054,COMP022,Interviewed
APP00263,STU0055,COMP025,Applied
APP00264,STU0055,COMP021,Applied
APP00265,STU0055,COMP032,Applied
APP00266,STU0055,COMP035,Applied
APP00267,STU0055,COMP003,Applied
APP00268,STU0055,COMP005,Shortlisted
APP00269,STU0055,COMP016,Applied
APP00270,STU0056,COMP011,Offered
APP00271,STU0056,COMP020,Applied
APP00272,STU0056,COMP002,Applied
APP00273,STU0056,COMP003,Applied
APP00274,STU0056,COMP021,Interviewed
APP00275,STU0056,COMP004,Applied
APP00276,STU0057,COMP032,Applied
APP00277,STU0057,COMP038,Offered
APP00278,STU0057,COMP010,Applied
APP00279,STU0057,COMP015,Applied
APP00280,STU0058,COMP011,Applied
APP00281,STU0058,COMP005,Shortlisted
APP00282,STU0058,COMP029,Applied
APP00283,STU0058,COMP023,Offered
APP00284,STU0058,COMP020,Shortlisted
APP00285,STU0058,COMP028,Shortlisted
APP00286,STU0058,COMP017,Interviewed
APP00287,STU0059,COMP039,Applied
APP00288,STU0059,COMP032,Shortlisted
APP00289,STU0059,COMP019,Offered
APP00290,STU0060,COMP007,Offered
APP00291,STU0060,COMP003,Applied
APP00292,STU0060,COMP020,Offered
APP00293,STU0060,COMP029,Applied
APP00294,STU0061,COMP034,Applied
APP00295,STU0061,COMP033,Applied
APP00296,STU0061,COMP018,Applied
APP00297,STU0061,COMP011,Shortlisted
APP00298,STU0061,COMP017,Applied
APP00299,STU0062,COMP005,Offered
APP00300,STU0062,COMP010,Interviewed
APP00301,STU0062,COMP015,Interviewed
APP00302,STU0062,COMP026,Applied
APP00303,STU0062,COMP036,Applied
APP00304,STU0062,COMP024,Applied
APP00305,STU0063,COMP036,Offered
APP00306,STU0063,COMP021,Applied
APP00307,STU0063,COMP015,Interviewed
APP00308,STU0063,COMP005,Applied
APP00309,STU0063,COMP030,Applied
APP00310,STU0063,COMP020,Applied
APP00311,STU0063,COMP027,Applied
APP00312,STU0064,COMP027,Applied
APP00313,STU0064,COMP038,Shortlisted
APP00314,STU0064,COMP010,Offered
APP00315,STU0064,COMP040,Shortlisted
APP00316,STU0064,COMP007,Shortlisted
APP00317,STU0064,COMP032,Applied
APP00318,STU0064,COMP037,Interviewed
APP00319,STU0065,COMP006,Applied
APP00320,STU0065,COMP014,Applied
APP00321,STU0065,COMP002,Shortlisted
APP00322,STU0065,COMP004,Applied
APP00323,STU0065,COMP022,Applied
APP00324,STU0065,COMP016,Applied
APP00325,STU0066,COMP022,Shortlisted
APP00326,STU0066,COMP010,Applied
APP00327,STU0066,COMP039,Applied
APP00328,STU0066,COMP001,Applied
APP00329,STU0067,COMP002,Applied
APP00330,STU0067,COMP009,Applied
APP00331,STU0067,COMP001,Applied
APP00332,STU0068,COMP012,Offered
APP00333,STU0068,COMP017,Offered
APP00334,STU0068,COMP004,Applied
APP00335,STU0069,COMP033,Applied
APP00336,STU0069,COMP015,Shortlisted
APP00337,STU0069,COMP003,Applied
APP00338,STU0069,COMP034,Interviewed
APP00339,STU0069,COMP020,Applied
APP00340,STU0069,COMP030,Applied
APP00341,STU0070,COMP039,Applied
APP00342,STU0070,COMP010,Applied
APP00343,STU0070,COMP005,Applied
APP00344,STU0070,COMP009,Offered
APP00345,STU0070,COMP018,Applied
APP00346,STU0071,COMP007,Applied
APP00347,STU0071,COMP008,Applied
APP00348,STU0071,COMP036,Applied
APP00349,STU0071,COMP014,Applied
APP00350,STU0071,COMP028,Applied
APP00351,STU0071,COMP029,Offered
APP00352,STU0072,COMP031,Shortlisted
APP00353,STU0072,COMP005,Applied
APP00354,STU0072,COMP006,Applied
APP00355,STU0072,COMP028,Applied
APP00356,STU0073,COMP036,Applied
APP00357,STU0073,COMP022,Applied
APP00358,STU0073,COMP008,Offered
APP00359,STU0073,COMP027,Applied
APP00360,STU0073,COMP023,Interviewed
APP00361,STU0073,COMP028,Shortlisted
APP00362,STU0073,COMP004,Applied
APP00363,STU0074,COMP036,Applied
APP00364,STU0074,COMP040,Applied
APP00365,STU0074,COMP002,Applied
APP00366,STU0074,COMP018,Applied
APP00367,STU0074,COMP038,Interviewed
APP00368,STU0074,COMP012,Shortlisted
APP00369,STU0075,COMP006,Offered
APP00370,STU0075,COMP034,Interviewed
APP00371,STU0075,COMP014,Applied
APP00372,STU0076,COMP010,Offered
APP00373,STU0076,COMP011,Applied
APP00374,STU0076,COMP040,Applied
APP00375,STU0077,COMP018,Shortlisted
APP00376,STU0077,COMP014,Applied
APP00377,STU0077,COMP033,Applied
APP00378,STU0077,COMP008,Interviewed
APP00379,STU0077,COMP023,Interviewed
APP00380,STU0077,COMP028,Applied
APP00381,STU0078,COMP019,Applied
APP00382,STU0078,COMP021,Interviewed
APP00383,STU0078,COMP008,Applied
APP00384,STU0078,COMP001,Applied
APP00385,STU0078,COMP032,Applied
APP00386,STU0079,COMP026,Shortlisted
APP00387,STU0079,COMP003,Applied
APP00388,STU0079,COMP028,Applied
APP00389,STU0080,COMP026,Shortlisted
APP00390,STU0080,COMP027,Applied
APP00391,STU0080,COMP019,Applied
APP00392,STU0080,COMP008,Offered
APP00393,STU0080,COMP040,Applied
APP00394,STU0080,COMP002,Applied
APP00395,STU0080,COMP021,Shortlisted
APP00396,STU0081,COMP015,Applied
APP00397,STU0081,COMP022,Applied
APP00398,STU0081,COMP011,Shortlisted
APP00399,STU0081,COMP005,Applied
APP00400,STU0081,COMP033,Applied
APP00401,STU0082,COMP016,Shortlisted
APP00402,STU0082,COMP007,Applied
APP00403,STU0082,COMP010,Applied
APP00404,STU0082,COMP017,Shortlisted
APP00405,STU0083,COMP030,Offered
APP00406,STU0083,COMP037,Offered
APP00407,STU0083,COMP038,Applied
APP00408,STU0083,COMP029,Offered
APP00409,STU0083,COMP021,Applied
APP00410,STU0083,COMP036,Shortlisted
APP00411,STU0084,COMP040,Applied
APP00412,STU0084,COMP039,Applied
APP00413,STU0084,COMP033,Applied
APP00414,STU0085,COMP029,Applied
APP00415,STU0085,COMP037,Applied
APP00416,STU0085,COMP013,Offered
APP00417,STU0086,COMP006,Applied
APP00418,STU0086,COMP033,Applied
APP00419,STU0086,COMP012,Applied
APP00420,STU0086,COMP003,Applied
APP00421,STU0086,COMP016,Shortlisted
APP00422,STU0087,COMP027,Shortlisted
APP00423,STU0087,COMP022,Shortlisted
APP00424,STU0087,COMP004,Applied
APP00425,STU0087,COMP039,Applied
APP00426,STU0087,COMP005,Applied
APP00427,STU0087,COMP037,Offered
APP00428,STU0088,COMP020,Interviewed
APP00429,STU0088,COMP026,Applied
APP00430,STU0088,COMP009,Applied
APP00431,STU0088,COMP039,Applied
APP00432,STU0088,COMP006,Applied
APP00433,STU0089,COMP006,Interviewed
APP00434,STU0089,COMP028,Applied
APP00435,STU0089,COMP033,Offered
APP00436,STU0089,COMP024,Applied
APP00437,STU0089,COMP002,Shortlisted
APP00438,STU0089,COMP037,Applied
APP00439,STU0089,COMP020,Applied
APP00440,STU0090,COMP022,Applied
APP00441,STU0090,COMP040,Interviewed
APP00442,STU0090,COMP009,Applied
APP00443,STU0091,COMP029,Applied
APP00444,STU0091,COMP003,Offered
APP00445,STU0091,COMP027,Applied
APP00446,STU0091,COMP024,Applied
APP00447,STU0092,COMP016,Applied
APP00448,STU0092,COMP020,Applied
APP00449,STU0092,COMP031,Applied
APP00450,STU0092,COMP013,Applied
APP00451,STU0092,COMP024,Interviewed
APP00452,STU0092,COMP029,Applied
APP00453,STU0092,COMP030,Offered
APP00454,STU0093,COMP034,Offered
APP00455,STU0093,COMP008,Applied
APP00456,STU0093,COMP019,Applied
APP00457,STU0094,COMP015,Applied
APP00458,STU0094,COMP029,Applied
APP00459,STU0094,COMP023,Applied
APP00460,STU0095,COMP016,Shortlisted
APP00461,STU0095,COMP025,Applied
APP00462,STU0095,COMP006,Applied
APP00463,STU0095,COMP024,Applied
APP00464,STU0095,COMP015,Interviewed
APP00465,STU0096,COMP031,Applied
APP00466,STU0096,COMP029,Offered
APP00467,STU0096,COMP040,Applied
APP00468,STU0096,COMP001,Applied
APP00469,STU0097,COMP008,Shortlisted
APP00470,STU0097,COMP019,Applied
APP00471,STU0097,COMP016,Shortlisted
APP00472,STU0097,COMP020,Applied
APP00473,STU0097,COMP040,Applied
APP00474,STU0097,COMP004,Applied
APP00475,STU0098,COMP016,Applied
APP00476,STU0098,COMP010,Shortlisted
APP00477,STU0098,COMP019,Applied
APP00478,STU0098,COMP028,Shortlisted
APP00479,STU0098,COMP001,Applied
APP00480,STU0098,COMP023,Applied
APP00481,STU0098,COMP040,Applied
APP00482,STU0099,COMP025,Applied
APP00483,STU0099,COMP031,Applied
APP00484,STU0099,COMP003,Interviewed
APP00485,STU0100,COMP016,Interviewed
APP00486,STU0100,COMP007,Shortlisted
APP00487,STU0100,COMP038,Applied
APP00488,STU0100,COMP022,Applied
APP00489,STU0100,COMP009,Applied
APP00490,STU0101,COMP005,Shortlisted
APP00491,STU0101,COMP030,Applied
APP00492,STU0101,COMP003,Offered
APP00493,STU0101,COMP019,Applied
APP00494,STU0102,COMP017,Applied
APP00495,STU0102,COMP003,Offered
APP00496,STU0102,COMP013,Applied
APP00497,STU0102,COMP019,Applied
APP00498,STU0102,COMP023,Applied
APP00499,STU0102,COMP004,Applied
APP00500,STU0103,COMP032,Applied
APP00501,STU0103,COMP024,Applied
APP00502,STU0103,COMP034,Shortlisted
APP00503,STU0103,COMP018,Applied
APP00504,STU0104,COMP019,Shortlisted
APP00505,STU0104,COMP021,Offered
APP00506,STU0104,COMP007,Applied
APP00507,STU0104,COMP006,Applied
APP00508,STU0104,COMP039,Applied
APP00509,STU0104,COMP040,Shortlisted
APP00510,STU0104,COMP020,Applied
APP00511,STU0105,COMP005,Applied
APP00512,STU0105,COMP026,Applied
APP00513,STU0105,COMP024,Interviewed
APP00514,STU0106,COMP003,Applied
APP00515,STU0106,COMP009,Applied
APP00516,STU0106,COMP005,Applied
APP00517,STU0106,COMP016,Applied
APP00518,STU0106,COMP024,Applied
APP00519,STU0106,COMP036,Shortlisted
APP00520,STU0107,COMP009,Applied
APP00521,STU0107,COMP034,Interviewed
APP00522,STU0107,COMP024,Applied
APP00523,STU0107,COMP026,Shortlisted
APP00524,STU0107,COMP021,Applied
APP00525,STU0107,COMP018,Shortlisted
APP00526,STU0107,COMP016,Applied
APP00527,STU0108,COMP013,Applied
APP00528,STU0108,COMP008,Applied
APP00529,STU0108,COMP009,Shortlisted
APP00530,STU0108,COMP005,Applied
APP00531,STU0108,COMP029,Offered
APP00532,STU0108,COMP012,Applied
APP00533,STU0109,COMP011,Offered
APP00534,STU0109,COMP012,Applied
APP00535,STU0109,COMP024,Offered
APP00536,STU0109,COMP033,Applied
APP00537,STU0109,COMP015,Applied
APP00538,STU0110,COMP006,Applied
APP00539,STU0110,COMP005,Applied
APP00540,STU0110,COMP020,Shortlisted
APP00541,STU0110,COMP026,Applied
APP00542,STU0110,COMP031,Applied
APP00543,STU0110,COMP034,Applied
APP00544,STU0110,COMP027,Shortlisted
APP00545,STU0111,COMP038,Applied
APP00546,STU0111,COMP012,Interviewed
APP00547,STU0111,COMP009,Shortlisted
APP00548,STU0111,COMP028,Applied
APP00549,STU0111,COMP033,Offered
APP00550,STU0111,COMP004,Applied
APP00551,STU0111,COMP008,Shortlisted
APP00552,STU0112,COMP035,Applied
APP00553,STU0112,COMP006,Applied
APP00554,STU0112,COMP033,Applied
APP00555,STU0112,COMP011,Interviewed
APP00556,STU0112,COMP010,Applied
APP00557,STU0112,COMP037,Applied
APP00558,STU0112,COMP022,Applied
APP00559,STU0113,COMP040,Applied
APP00560,STU0113,COMP002,Applied
APP00561,STU0113,COMP032,Applied
APP00562,STU0113,COMP035,Applied
APP00563,STU0113,COMP019,Offered
APP00564,STU0113,COMP020,Applied
APP00565,STU0114,COMP022,Applied
APP00566,STU0114,COMP039,Shortlisted
APP00567,STU0114,COMP010,Interviewed
APP00568,STU0114,COMP021,Applied
APP00569,STU0115,COMP021,Offered
APP00570,STU0115,COMP016,Shortlisted
APP00571,STU0115,COMP030,Applied
APP00572,STU0116,COMP016,Applied
APP00573,STU0116,COMP011,Applied
APP00574,STU0116,COMP021,Applied
APP00575,STU0116,COMP037,Applied
APP00576,STU0116,COMP038,Interviewed
APP00577,STU0116,COMP013,Applied
APP00578,STU0117,COMP014,Interviewed
APP00579,STU0117,COMP038,Applied
APP00580,STU0117,COMP023,Applied
APP00581,STU0117,COMP004,Applied
APP00582,STU0118,COMP028,Applied
APP00583,STU0118,COMP009,Applied
APP00584,STU0118,COMP017,Applied
APP00585,STU0119,COMP004,Interviewed
APP00586,STU0119,COMP037,Shortlisted
APP00587,STU0119,COMP036,Applied
APP00588,STU0119,COMP013,Shortlisted
APP00589,STU0119,COMP024,Shortlisted
APP00590,STU0119,COMP019,Shortlisted
APP00591,STU0120,COMP013,Applied
APP00592,STU0120,COMP039,Offered
APP00593,STU0120,COMP033,Applied
APP00594,STU0120,COMP026,Applied
APP00595,STU0121,COMP033,Applied
APP00596,STU0121,COMP009,Applied
APP00597,STU0121,COMP021,Applied
APP00598,STU0121,COMP038,Applied
APP00599,STU0121,COMP011,Applied
APP00600,STU0121,COMP026,Applied
APP00601,STU0121,COMP020,Offered
APP00602,STU0122,COMP038,Applied
APP00603,STU0122,COMP020,Applied
APP00604,STU0122,COMP002,Shortlisted
APP00605,STU0122,COMP031,Applied
APP00606,STU0122,COMP017,Applied
APP00607,STU0122,COMP015,Shortlisted
APP00608,STU0123,COMP037,Offered
APP00609,STU0123,COMP008,Applied
APP00610,STU0123,COMP013,Applied
APP00611,STU0124,COMP031,Applied
APP00612,STU0124,COMP004,Interviewed
APP00613,STU0124,COMP009,Interviewed
APP00614,STU0124,COMP034,Applied
APP00615,STU0124,COMP014,Applied
APP00616,STU0124,COMP021,Applied
APP00617,STU0124,COMP040,Applied
APP00618,STU0125,COMP016,Shortlisted
APP00619,STU0125,COMP018,Offered
APP00620,STU0125,COMP036,Applied
APP00621,STU0125,COMP020,Interviewed
APP00622,STU0126,COMP019,Applied
APP00623,STU0126,COMP008,Interviewed
APP00624,STU0126,COMP037,Interviewed
APP00625,STU0126,COMP035,Shortlisted
APP00626,STU0126,COMP025,Applied
APP00627,STU0127,COMP014,Shortlisted
APP00628,STU0127,COMP013,Applied
APP00629,STU0127,COMP035,Shortlisted
APP00630,STU0127,COMP018,Applied
APP00631,STU0127,COMP036,Applied
APP00632,STU0127,COMP037,Interviewed
APP00633,STU0128,COMP009,Applied
APP00634,STU0128,COMP001,Shortlisted
APP00635,STU0128,COMP036,Applied
APP00636,STU0129,COMP031,Applied
APP00637,STU0129,COMP013,Interviewed
APP00638,STU0129,COMP019,Applied
APP00639,STU0129,COMP021,Applied
APP00640,STU0129,COMP038,Applied
APP00641,STU0129,COMP004,Shortlisted
APP00642,STU0130,COMP003,Applied
APP00643,STU0130,COMP026,Applied
APP00644,STU0130,COMP032,Applied
APP00645,STU0130,COMP012,Applied
APP00646,STU0131,COMP020,Shortlisted
APP00647,STU0131,COMP037,Applied
APP00648,STU0131,COMP039,Applied
APP00649,STU0132,COMP034,Applied
APP00650,STU0132,COMP032,Applied
APP00651,STU0132,COMP009,Applied
APP00652,STU0132,COMP033,Applied
APP00653,STU0132,COMP030,Applied
APP00654,STU0132,COMP018,Offered
APP00655,STU0132,COMP013,Applied
APP00656,STU0133,COMP012,Applied
APP00657,STU0133,COMP040,Shortlisted
APP00658,STU0133,COMP026,Offered
APP00659,STU0133,COMP028,Offered
APP00660,STU0134,COMP022,Offered
APP00661,STU0134,COMP020,Applied
APP00662,STU0134,COMP038,Applied
APP00663,STU0134,COMP037,Shortlisted
APP00664,STU0134,COMP001,Applied
APP00665,STU0135,COMP008,Offered
APP00666,STU0135,COMP019,Applied
APP00667,STU0135,COMP024,Applied
APP00668,STU0135,COMP040,Applied
APP00669,STU0135,COMP015,Applied
APP00670,STU0136,COMP035,Applied
APP00671,STU0136,COMP014,Applied
APP00672,STU0136,COMP016,Applied
APP00673,STU0136,COMP006,Shortlisted
APP00674,STU0136,COMP034,Applied
APP00675,STU0136,COMP029,Offered
APP00676,STU0137,COMP029,Applied
APP00677,STU0137,COMP008,Applied
APP00678,STU0137,COMP014,Applied
APP00679,STU0137,COMP032,Applied
APP00680,STU0137,COMP006,Interviewed
APP00681,STU0137,COMP033,Applied
APP00682,STU0137,COMP040,Applied
APP00683,STU0138,COMP014,Offered
APP00684,STU0138,COMP038,Applied
APP00685,STU0138,COMP005,Applied
APP00686,STU0139,COMP031,Applied
APP00687,STU0139,COMP003,Applied
APP00688,STU0139,COMP019,Applied
APP00689,STU0140,COMP024,Applied
APP00690,STU0140,COMP025,Applied
APP00691,STU0140,COMP029,Applied
APP00692,STU0140,COMP039,Applied
APP00693,STU0140,COMP037,Interviewed
APP00694,STU0140,COMP006,Applied
APP00695,STU0141,COMP001,Applied
APP00696,STU0141,COMP002,Applied
APP00697,STU0141,COMP020,Applied
APP00698,STU0141,COMP030,Applied
APP00699,STU0142,COMP030,Shortlisted
APP00700,STU0142,COMP023,Applied
APP00701,STU0142,COMP010,Shortlisted
APP00702,STU0142,COMP018,Applied
APP00703,STU0143,COMP016,Interviewed
APP00704,STU0143,COMP014,Applied
APP00705,STU0143,COMP005,Shortlisted
APP00706,STU0144,COMP029,Applied
APP00707,STU0144,COMP015,Shortlisted
APP00708,STU0144,COMP035,Applied
APP00709,STU0144,COMP014,Interviewed
APP00710,STU0144,COMP004,Offered
APP00711,STU0144,COMP009,Applied
APP00712,STU0145,COMP027,Applied
APP00713,STU0145,COMP020,Applied
APP00714,STU0145,COMP018,Applied
APP00715,STU0145,COMP004,Shortlisted
APP00716,STU0146,COMP032,Offered
APP00717,STU0146,COMP004,Applied
APP00718,STU0146,COMP023,Interviewed
APP00719,STU0146,COMP025,Offered
APP00720,STU0146,COMP034,Interviewed
APP00721,STU0146,COMP021,Offered
APP00722,STU0146,COMP027,Offered
APP00723,STU0147,COMP013,Applied
APP00724,STU0147,COMP004,Applied
APP00725,STU0147,COMP018,Applied
APP00726,STU0147,COMP025,Interviewed
APP00727,STU0147,COMP003,Shortlisted
APP00728,STU0147,COMP005,Interviewed
APP00729,STU0147,COMP040,Applied
APP00730,STU0148,COMP016,Applied
APP00731,STU0148,COMP039,Applied
APP00732,STU0148,COMP014,Applied
APP00733,STU0148,COMP026,Applied
APP00734,STU0148,COMP040,Interviewed
APP00735,STU0148,COMP021,Shortlisted
APP00736,STU0149,COMP021,Applied
APP00737,STU0149,COMP014,Offered
APP00738,STU0149,COMP024,Applied
APP00739,STU0149,COMP040,Applied
APP00740,STU0149,COMP027,Applied
APP00741,STU0149,COMP003,Offered
APP00742,STU0150,COMP032,Applied
APP00743,STU0150,COMP036,Applied
APP00744,STU0150,COMP022,Applied
APP00745,STU0150,COMP017,Applied
APP00746,STU0151,COMP011,Shortlisted
APP00747,STU0151,COMP023,Applied
APP00748,STU0151,COMP040,Applied
APP00749,STU0151,COMP009,Applied
APP00750,STU0151,COMP035,Applied
APP00751,STU0151,COMP032,Shortlisted
APP00752,STU0152,COMP001,Applied
APP00753,STU0152,COMP027,Shortlisted
APP00754,STU0152,COMP009,Offered
APP00755,STU0153,COMP040,Offered
APP00756,STU0153,COMP031,Applied
APP00757,STU0153,COMP032,Shortlisted
APP00758,STU0153,COMP002,Applied
APP00759,STU0153,COMP001,Applied
APP00760,STU0153,COMP035,Applied
APP00761,STU0153,COMP027,Offered
APP00762,STU0154,COMP040,Offered
APP00763,STU0154,COMP034,Interviewed
APP00764,STU0154,COMP017,Shortlisted
APP00765,STU0154,COMP023,Applied
APP00766,STU0155,COMP006,Interviewed
APP00767,STU0155,COMP026,Applied
APP00768,STU0155,COMP025,Shortlisted
APP00769,STU0156,COMP037,Shortlisted
APP00770,STU0156,COMP007,Applied
APP00771,STU0156,COMP034,Applied
APP00772,STU0156,COMP003,Interviewed
APP00773,STU0156,COMP015,Applied
APP00774,STU0157,COMP003,Applied
APP00775,STU0157,COMP012,Interviewed
APP00776,STU0157,COMP021,Applied
APP00777,STU0157,COMP002,Applied
APP00778,STU0157,COMP014,Applied
APP00779,STU0157,COMP010,Shortlisted
APP00780,STU0157,COMP026,Applied
APP00781,STU0158,COMP033,Offered
APP00782,STU0158,COMP023,Applied
APP00783,STU0158,COMP004,Applied
APP00784,STU0159,COMP026,Shortlisted
APP00785,STU0159,COMP021,Applied
APP00786,STU0159,COMP002,Applied
APP00787,STU0159,COMP018,Applied
APP00788,STU0159,COMP029,Shortlisted
APP00789,STU0159,COMP032,Applied
APP00790,STU0159,COMP015,Applied
APP00791,STU0160,COMP018,Applied
APP00792,STU0160,COMP010,Applied
APP00793,STU0160,COMP025,Applied
APP00794,STU0161,COMP024,Applied
APP00795,STU0161,COMP007,Applied
APP00796,STU0161,COMP006,Offered
APP00797,STU0161,COMP001,Applied
APP00798,STU0161,COMP020,Applied
APP00799,STU0162,COMP002,Applied
APP00800,STU0162,COMP006,Applied
APP00801,STU0162,COMP023,Applied
APP00802,STU0163,COMP001,Applied
APP00803,STU0163,COMP019,Offered
APP00804,STU0163,COMP027,Offered
APP00805,STU0163,COMP025,Interviewed
APP00806,STU0163,COMP006,Offered
APP00807,STU0163,COMP016,Applied
APP00808,STU0164,COMP040,Applied
APP00809,STU0164,COMP013,Applied
APP00810,STU0164,COMP030,Applied
APP00811,STU0164,COMP007,Applied
APP00812,STU0164,COMP009,Applied
APP00813,STU0164,COMP020,Applied
APP00814,STU0164,COMP001,Applied
APP00815,STU0165,COMP009,Applied
APP00816,STU0165,COMP020,Applied
APP00817,STU0165,COMP021,Shortlisted
APP00818,STU0165,COMP013,Offered
APP00819,STU0165,COMP031,Shortlisted
APP00820,STU0165,COMP038,Interviewed
APP00821,STU0165,COMP012,Applied
APP00822,STU0166,COMP012,Applied
APP00823,STU0166,COMP036,Shortlisted
APP00824,STU0166,COMP002,Applied
APP00825,STU0166,COMP030,Applied
APP00826,STU0166,COMP014,Offered
APP00827,STU0166,COMP029,Offered
APP00828,STU0166,COMP019,Applied
APP00829,STU0167,COMP031,Applied
APP00830,STU0167,COMP038,Applied
APP00831,STU0167,COMP026,Applied
APP00832,STU0167,COMP035,Applied
APP00833,STU0167,COMP033,Applied
APP00834,STU0167,COMP027,Shortlisted
APP00835,STU0167,COMP003,Applied
APP00836,STU0168,COMP011,Applied
APP00837,STU0168,COMP040,Shortlisted
APP00838,STU0168,COMP003,Offered
APP00839,STU0168,COMP037,Applied
APP00840,STU0168,COMP026,Applied
APP00841,STU0169,COMP015,Offered
APP00842,STU0169,COMP029,Shortlisted
APP00843,STU0169,COMP024,Shortlisted
APP00844,STU0169,COMP026,Interviewed
APP00845,STU0169,COMP030,Interviewed
APP00846,STU0169,COMP033,Applied
APP00847,STU0169,COMP010,Applied
APP00848,STU0170,COMP005,Applied
APP00849,STU0170,COMP020,Applied
APP00850,STU0170,COMP003,Applied
APP00851,STU0170,COMP008,Shortlisted
APP00852,STU0170,COMP002,Offered
APP00853,STU0171,COMP028,Applied
APP00854,STU0171,COMP030,Applied
APP00855,STU0171,COMP015,Applied
APP00856,STU0171,COMP026,Applied
APP00857,STU0171,COMP012,Applied
APP00858,STU0171,COMP036,Offered
APP00859,STU0171,COMP040,Applied
APP00860,STU0172,COMP037,Interviewed
APP00861,STU0172,COMP007,Shortlisted
APP00862,STU0172,COMP035,Applied
APP00863,STU0173,COMP039,Interviewed
APP00864,STU0173,COMP025,Shortlisted
APP00865,STU0173,COMP040,Applied
APP00866,STU0173,COMP026,Applied
APP00867,STU0173,COMP038,Applied
APP00868,STU0174,COMP021,Offered
APP00869,STU0174,COMP008,Interviewed
APP00870,STU0174,COMP016,Interviewed
APP00871,STU0174,COMP020,Applied
APP00872,STU0175,COMP036,Interviewed
APP00873,STU0175,COMP011,Offered
APP00874,STU0175,COMP032,Shortlisted
APP00875,STU0175,COMP019,Applied
APP00876,STU0176,COMP032,Interviewed
APP00877,STU0176,COMP027,Interviewed
APP00878,STU0176,COMP040,Interviewed
APP00879,STU0176,COMP039,Applied
APP00880,STU0176,COMP029,Applied
APP00881,STU0176,COMP038,Interviewed
APP00882,STU0176,COMP011,Applied
APP00883,STU0177,COMP035,Shortlisted
APP00884,STU0177,COMP003,Applied
APP00885,STU0177,COMP029,Shortlisted
APP00886,STU0177,COMP014,Interviewed
APP00887,STU0177,COMP028,Shortlisted
APP00888,STU0178,COMP014,Applied
APP00889,STU0178,COMP038,Offered
APP00890,STU0178,COMP023,Offered
APP00891,STU0178,COMP040,Applied
APP00892,STU0179,COMP011,Shortlisted
APP00893,STU0179,COMP021,Applied
APP00894,STU0179,COMP019,Interviewed
APP00895,STU0179,COMP038,Applied
APP00896,STU0179,COMP018,Offered
APP00897,STU0179,COMP033,Shortlisted
APP00898,STU0179,COMP007,Applied
APP00899,STU0180,COMP037,Applied
APP00900,STU0180,COMP018,Applied
APP00901,STU0180,COMP027,Applied
APP00902,STU0180,COMP025,Offered
APP00903,STU0181,COMP030,Applied
APP00904,STU0181,COMP032,Applied
APP00905,STU0181,COMP021,Shortlisted
APP00906,STU0181,COMP038,Applied
APP00907,STU0181,COMP001,Applied
APP00908,STU0182,COMP035,Applied
APP00909,STU0182,COMP026,Applied
APP00910,STU0182,COMP014,Applied
APP00911,STU0183,COMP019,Applied
APP00912,STU0183,COMP022,Applied
APP00913,STU0183,COMP036,Shortlisted
APP00914,STU0183,COMP037,Interviewed
APP00915,STU0183,COMP009,Applied
APP00916,STU0184,COMP011,Shortlisted
APP00917,STU0184,COMP029,Shortlisted
APP00918,STU0184,COMP030,Shortlisted
APP00919,STU0185,COMP018,Shortlisted
APP00920,STU0185,COMP006,Applied
APP00921,STU0185,COMP024,Shortlisted
APP00922,STU0185,COMP017,Applied
APP00923,STU0186,COMP028,Interviewed
APP00924,STU0186,COMP006,Applied
APP00925,STU0186,COMP007,Offered
APP00926,STU0186,COMP001,Shortlisted
APP00927,STU0187,COMP031,Shortlisted
APP00928,STU0187,COMP005,Offered
APP00929,STU0187,COMP015,Applied
APP00930,STU0187,COMP025,Applied
APP00931,STU0188,COMP010,Shortlisted
APP00932,STU0188,COMP005,Shortlisted
APP00933,STU0188,COMP034,Applied
APP00934,STU0188,COMP037,Interviewed
APP00935,STU0189,COMP006,Applied
APP00936,STU0189,COMP007,Shortlisted
APP00937,STU0189,COMP009,Offered
APP00938,STU0189,COMP008,Interviewed
APP00939,STU0190,COMP019,Applied
APP00940,STU0190,COMP002,Interviewed
APP00941,STU0190,COMP020,Applied
APP00942,STU0190,COMP014,Applied
APP00943,STU0190,COMP034,Interviewed
APP00944,STU0190,COMP033,Applied
APP00945,STU0190,COMP013,Applied
APP00946,STU0191,COMP021,Shortlisted
APP00947,STU0191,COMP009,Applied
APP00948,STU0191,COMP025,Applied
APP00949,STU0191,COMP037,Applied
APP00950,STU0191,COMP027,Offered
APP00951,STU0192,COMP004,Shortlisted
APP00952,STU0192,COMP026,Applied
APP00953,STU0192,COMP033,Applied
APP00954,STU0193,COMP006,Offered
APP00955,STU0193,COMP035,Applied
APP00956,STU0193,COMP039,Applied
APP00957,STU0193,COMP010,Shortlisted
APP00958,STU0193,COMP018,Applied
APP00959,STU0193,COMP040,Applied
APP00960,STU0194,COMP020,Offered
APP00961,STU0194,COMP028,Applied
APP00962,STU0194,COMP016,Applied
APP00963,STU0195,COMP012,Applied
APP00964,STU0195,COMP008,Interviewed
APP00965,STU0195,COMP001,Interviewed
APP00966,STU0195,COMP009,Applied
APP00967,STU0195,COMP011,Applied
APP00968,STU0196,COMP002,Interviewed
APP00969,STU0196,COMP022,Applied
APP00970,STU0196,COMP028,Offered
APP00971,STU0197,COMP037,Applied
APP00972,STU0197,COMP011,Applied
APP00973,STU0197,COMP024,Shortlisted
APP00974,STU0197,COMP039,Shortlisted
APP00975,STU0197,COMP017,Offered
APP00976,STU0197,COMP007,Applied
APP00977,STU0198,COMP003,Interviewed
APP00978,STU0198,COMP036,Offered
APP00979,STU0198,COMP027,Applied
APP00980,STU0198,COMP015,Applied
APP00981,STU0199,COMP015,Offered
APP00982,STU0199,COMP034,Applied
APP00983,STU0199,COMP003,Applied
APP00984,STU0199,COMP026,Applied
APP00985,STU0200,COMP024,Applied
APP00986,STU0200,COMP013,Shortlisted
APP00987,STU0200,COMP019,Interviewed
APP00988,STU0201,COMP035,Applied
APP00989,STU0201,COMP016,Interviewed
APP00990,STU0201,COMP010,Applied
APP00991,STU0201,COMP001,Interviewed
APP00992,STU0202,COMP020,Interviewed
APP00993,STU0202,COMP007,Applied
APP00994,STU0202,COMP014,Shortlisted
APP00995,STU0202,COMP034,Applied
APP00996,STU0202,COMP016,Applied
APP00997,STU0202,COMP027,Applied
APP00998,STU0203,COMP030,Shortlisted
APP00999,STU0203,COMP006,Offered
APP01000,STU0203,COMP038,Applied
APP01001,STU0203,COMP007,Offered
APP01002,STU0203,COMP033,Applied
APP01003,STU0204,COMP021,Applied
APP01004,STU0204,COMP029,Shortlisted
APP01005,STU0204,COMP018,Offered
APP01006,STU0204,COMP015,Offered
APP01007,STU0204,COMP005,Applied
APP01008,STU0205,COMP020,Applied
APP01009,STU0205,COMP030,Shortlisted
APP01010,STU0205,COMP017,Applied
APP01011,STU0205,COMP008,Shortlisted
APP01012,STU0205,COMP006,Shortlisted
APP01013,STU0205,COMP011,Applied
APP01014,STU0206,COMP033,Applied
APP01015,STU0206,COMP004,Applied
APP01016,STU0206,COMP020,Applied
APP01017,STU0206,COMP017,Applied
APP01018,STU0206,COMP012,Interviewed
APP01019,STU0206,COMP002,Interviewed
APP01020,STU0207,COMP009,Applied
APP01021,STU0207,COMP013,Applied
APP01022,STU0207,COMP026,Interviewed
APP01023,STU0207,COMP024,Shortlisted
APP01024,STU0208,COMP029,Shortlisted
APP01025,STU0208,COMP009,Shortlisted
APP01026,STU0208,COMP006,Shortlisted
APP01027,STU0208,COMP022,Applied
APP01028,STU0209,COMP028,Shortlisted
APP01029,STU0209,COMP012,Shortlisted
APP01030,STU0209,COMP023,Offered
APP01031,STU0209,COMP014,Applied
APP01032,STU0209,COMP039,Offered
APP01033,STU0209,COMP018,Shortlisted
APP01034,STU0210,COMP016,Offered
APP01035,STU0210,COMP035,Interviewed
APP01036,STU0210,COMP002,Shortlisted
APP01037,STU0210,COMP025,Shortlisted
APP01038,STU0210,COMP023,Applied
APP01039,STU0210,COMP031,Offered
APP01040,STU0210,COMP032,Offered
APP01041,STU0211,COMP004,Interviewed
APP01042,STU0211,COMP015,Applied
APP01043,STU0211,COMP037,Applied
APP01044,STU0211,COMP025,Applied
APP01045,STU0211,COMP023,Applied
APP01046,STU0211,COMP012,Applied
APP01047,STU0211,COMP035,Shortlisted
APP01048,STU0212,COMP035,Shortlisted
APP01049,STU0212,COMP020,Offered
APP01050,STU0212,COMP012,Applied
APP01051,STU0212,COMP032,Applied
APP01052,STU0212,COMP003,Interviewed
APP01053,STU0212,COMP006,Applied
APP01054,STU0213,COMP002,Applied
APP01055,STU0213,COMP010,Interviewed
APP01056,STU0213,COMP038,Interviewed
APP01057,STU0214,COMP038,Applied
APP01058,STU0214,COMP007,Applied
APP01059,STU0214,COMP022,Shortlisted
APP01060,STU0214,COMP020,Applied
APP01061,STU0214,COMP021,Shortlisted
APP01062,STU0214,COMP009,Applied
APP01063,STU0215,COMP023,Shortlisted
APP01064,STU0215,COMP015,Applied
APP01065,STU0215,COMP038,Applied
APP01066,STU0215,COMP012,Shortlisted
APP01067,STU0215,COMP025,Applied
APP01068,STU0215,COMP020,Shortlisted
APP01069,STU0215,COMP019,Applied
APP01070,STU0216,COMP015,Shortlisted
APP01071,STU0216,COMP037,Shortlisted
APP01072,STU0216,COMP007,Shortlisted
APP01073,STU0216,COMP032,Applied
APP01074,STU0216,COMP010,Applied
APP01075,STU0216,COMP022,Applied
APP01076,STU0216,COMP005,Offered
APP01077,STU0217,COMP007,Applied
APP01078,STU0217,COMP001,Applied
APP01079,STU0217,COMP004,Applied
APP01080,STU0217,COMP025,Applied
APP01081,STU0217,COMP029,Applied
APP01082,STU0218,COMP025,Shortlisted
APP01083,STU0218,COMP007,Interviewed
APP01084,STU0218,COMP031,Offered
APP01085,STU0218,COMP037,Applied
APP01086,STU0218,COMP015,Applied
APP01087,STU0218,COMP011,Applied
APP01088,STU0218,COMP029,Interviewed
APP01089,STU0219,COMP002,Offered
APP01090,STU0219,COMP028,Applied
APP01091,STU0219,COMP011,Applied
APP01092,STU0219,COMP039,Applied
APP01093,STU0219,COMP038,Offered
APP01094,STU0219,COMP004,Interviewed
APP01095,STU0220,COMP004,Shortlisted
APP01096,STU0220,COMP024,Applied
APP01097,STU0220,COMP001,Applied
APP01098,STU0220,COMP028,Interviewed
APP01099,STU0221,COMP031,Applied
APP01100,STU0221,COMP008,Applied
APP01101,STU0221,COMP020,Applied
APP01102,STU0222,COMP006,Applied
APP01103,STU0222,COMP035,Offered
APP01104,STU0222,COMP025,Offered
APP01105,STU0222,COMP012,Shortlisted
APP01106,STU0222,COMP024,Applied
APP01107,STU0223,COMP023,Applied
APP01108,STU0223,COMP035,Applied
APP01109,STU0223,COMP027,Applied
APP01110,STU0224,COMP034,Interviewed
APP01111,STU0224,COMP027,Interviewed
APP01112,STU0224,COMP035,Applied
APP01113,STU0224,COMP031,Applied
APP01114,STU0224,COMP016,Shortlisted
APP01115,STU0224,COMP037,Shortlisted
APP01116,STU0225,COMP014,Shortlisted
APP01117,STU0225,COMP013,Shortlisted
APP01118,STU0225,COMP009,Applied
APP01119,STU0225,COMP003,Applied
APP01120,STU0226,COMP021,Applied
APP01121,STU0226,COMP005,Interviewed
APP01122,STU0226,COMP006,Applied
APP01123,STU0226,COMP025,Applied
APP01124,STU0226,COMP036,Applied
APP01125,STU0227,COMP027,Applied
APP01126,STU0227,COMP008,Interviewed
APP01127,STU0227,COMP040,Applied
APP01128,STU0227,COMP010,Applied
APP01129,STU0227,COMP037,Applied
APP01130,STU0227,COMP007,Applied
APP01131,STU0227,COMP035,Applied
APP01132,STU0228,COMP012,Shortlisted
APP01133,STU0228,COMP018,Applied
APP01134,STU0228,COMP026,Shortlisted
APP01135,STU0229,COMP016,Shortlisted
APP01136,STU0229,COMP004,Applied
APP01137,STU0229,COMP031,Applied
APP01138,STU0229,COMP018,Applied
APP01139,STU0229,COMP024,Applied
APP01140,STU0230,COMP015,Applied
APP01141,STU0230,COMP009,Applied
APP01142,STU0230,COMP020,Applied
APP01143,STU0231,COMP027,Shortlisted
APP01144,STU0231,COMP039,Applied
APP01145,STU0231,COMP006,Applied
APP01146,STU0231,COMP013,Applied
APP01147,STU0231,COMP029,Applied
APP01148,STU0232,COMP011,Applied
APP01149,STU0232,COMP005,Interviewed
APP01150,STU0232,COMP020,Applied
APP01151,STU0232,COMP033,Interviewed
APP01152,STU0232,COMP026,Applied
APP01153,STU0232,COMP009,Shortlisted
APP01154,STU0232,COMP034,Applied
APP01155,STU0233,COMP002,Applied
APP01156,STU0233,COMP016,Shortlisted
APP01157,STU0233,COMP024,Applied
APP01158,STU0234,COMP023,Interviewed
APP01159,STU0234,COMP040,Applied
APP01160,STU0234,COMP011,Applied
APP01161,STU0234,COMP017,Applied
APP01162,STU0234,COMP006,Applied
APP01163,STU0234,COMP019,Offered
APP01164,STU0234,COMP002,Applied
APP01165,STU0235,COMP031,Applied
APP01166,STU0235,COMP009,Interviewed
APP01167,STU0235,COMP012,Shortlisted
APP01168,STU0236,COMP028,Interviewed
APP01169,STU0236,COMP025,Applied
APP01170,STU0236,COMP023,Applied
APP01171,STU0236,COMP030,Shortlisted
APP01172,STU0236,COMP017,Applied
APP01173,STU0237,COMP036,Applied
APP01174,STU0237,COMP039,Offered
APP01175,STU0237,COMP019,Shortlisted
APP01176,STU0237,COMP020,Applied
APP01177,STU0237,COMP007,Applied
APP01178,STU0238,COMP010,Applied
APP01179,STU0238,COMP034,Applied
APP01180,STU0238,COMP016,Applied
APP01181,STU0238,COMP004,Applied
APP01182,STU0239,COMP002,Applied
APP01183,STU0239,COMP032,Shortlisted
APP01184,STU0239,COMP019,Applied
APP01185,STU0239,COMP017,Applied
APP01186,STU0240,COMP022,Applied
APP01187,STU0240,COMP015,Applied
APP01188,STU0240,COMP035,Applied
APP01189,STU0240,COMP031,Applied
APP01190,STU0241,COMP012,Applied
APP01191,STU0241,COMP019,Applied
APP01192,STU0241,COMP007,Applied
APP01193,STU0241,COMP031,Interviewed
APP01194,STU0241,COMP009,Applied
APP01195,STU0241,COMP017,Applied
APP01196,STU0241,COMP040,Applied
APP01197,STU0242,COMP019,Applied
APP01198,STU0242,COMP030,Applied
APP01199,STU0242,COMP008,Applied
APP01200,STU0242,COMP031,Applied
APP01201,STU0242,COMP004,Interviewed
APP01202,STU0242,COMP005,Offered
APP01203,STU0242,COMP037,Applied
APP01204,STU0243,COMP010,Applied
APP01205,STU0243,COMP021,Shortlisted
APP01206,STU0243,COMP012,Interviewed
APP01207,STU0243,COMP006,Shortlisted
APP01208,STU0243,COMP032,Applied
APP01209,STU0243,COMP022,Applied
APP01210,STU0244,COMP009,Applied
APP01211,STU0244,COMP040,Shortlisted
APP01212,STU0244,COMP028,Offered
APP01213,STU0245,COMP001,Applied
APP01214,STU0245,COMP021,Applied
APP01215,STU0245,COMP034,Shortlisted
APP01216,STU0245,COMP013,Offered
APP01217,STU0245,COMP002,Applied
APP01218,STU0246,COMP005,Applied
APP01219,STU0246,COMP003,Applied
APP01220,STU0246,COMP020,Applied
APP01221,STU0246,COMP019,Applied
APP01222,STU0247,COMP022,Shortlisted
APP01223,STU0247,COMP032,Applied
APP01224,STU0247,COMP023,Interviewed
APP01225,STU0247,COMP013,Interviewed
APP01226,STU0248,COMP024,Applied
APP01227,STU0248,COMP003,Offered
APP01228,STU0248,COMP025,Applied
APP01229,STU0249,COMP002,Applied
APP01230,STU0249,COMP004,Interviewed
APP01231,STU0249,COMP008,Shortlisted
APP01232,STU0250,COMP020,Applied
APP01233,STU0250,COMP027,Shortlisted
APP01234,STU0250,COMP007,Shortlisted
APP01235,STU0251,COMP033,Shortlisted
APP01236,STU0251,COMP040,Applied
APP01237,STU0251,COMP008,Applied
APP01238,STU0252,COMP034,Interviewed
APP01239,STU0252,COMP013,Applied
APP01240,STU0252,COMP023,Offered
APP01241,STU0252,COMP027,Interviewed
APP01242,STU0252,COMP019,Shortlisted
APP01243,STU0253,COMP005,Applied
APP01244,STU0253,COMP007,Offered
APP01245,STU0253,COMP017,Shortlisted
APP01246,STU0253,COMP015,Shortlisted
APP01247,STU0253,COMP030,Shortlisted
APP01248,STU0253,COMP019,Shortlisted
APP01249,STU0253,COMP038,Applied
APP01250,STU0254,COMP022,Shortlisted
APP01251,STU0254,COMP023,Applied
APP01252,STU0254,COMP029,Offered
APP01253,STU0254,COMP040,Applied
APP01254,STU0255,COMP031,Applied
APP01255,STU0255,COMP027,Applied
APP01256,STU0255,COMP011,Shortlisted
APP01257,STU0255,COMP008,Applied
APP01258,STU0255,COMP009,Applied
APP01259,STU0255,COMP004,Applied
APP01260,STU0256,COMP025,Applied
APP01261,STU0256,COMP023,Applied
APP01262,STU0256,COMP002,Shortlisted
APP01263,STU0256,COMP009,Shortlisted
APP01264,STU0256,COMP031,Applied
APP01265,STU0256,COMP032,Applied
APP01266,STU0256,COMP008,Applied
APP01267,STU0257,COMP022,Applied
APP01268,STU0257,COMP034,Applied
APP01269,STU0257,COMP040,Applied
APP01270,STU0257,COMP007,Applied
APP01271,STU0258,COMP010,Applied
APP01272,STU0258,COMP036,Applied
APP01273,STU0258,COMP004,Applied
APP01274,STU0258,COMP001,Offered
APP01275,STU0258,COMP011,Applied
APP01276,STU0258,COMP033,Interviewed
APP01277,STU0259,COMP016,Applied
APP01278,STU0259,COMP006,Applied
APP01279,STU0259,COMP030,Interviewed
APP01280,STU0259,COMP029,Interviewed
APP01281,STU0259,COMP037,Interviewed
APP01282,STU0259,COMP039,Applied
APP01283,STU0260,COMP033,Applied
APP01284,STU0260,COMP036,Interviewed
APP01285,STU0260,COMP014,Applied
APP01286,STU0260,COMP030,Applied
APP01287,STU0260,COMP022,Applied
APP01288,STU0261,COMP029,Shortlisted
APP01289,STU0261,COMP008,Applied
APP01290,STU0261,COMP007,Interviewed
APP01291,STU0261,COMP015,Offered
APP01292,STU0261,COMP001,Applied
APP01293,STU0262,COMP007,Shortlisted
APP01294,STU0262,COMP017,Interviewed
APP01295,STU0262,COMP013,Shortlisted
APP01296,STU0262,COMP038,Applied
APP01297,STU0262,COMP008,Shortlisted
APP01298,STU0262,COMP026,Interviewed
APP01299,STU0263,COMP001,Applied
APP01300,STU0263,COMP034,Applied
APP01301,STU0263,COMP004,Applied
APP01302,STU0263,COMP036,Applied
APP01303,STU0263,COMP028,Shortlisted
APP01304,STU0263,COMP031,Shortlisted
APP01305,STU0264,COMP021,Applied
APP01306,STU0264,COMP033,Applied
APP01307,STU0264,COMP025,Applied
APP01308,STU0264,COMP027,Interviewed
APP01309,STU0264,COMP016,Applied
APP01310,STU0264,COMP018,Shortlisted
APP01311,STU0264,COMP026,Applied
APP01312,STU0265,COMP014,Applied
APP01313,STU0265,COMP013,Applied
APP01314,STU0265,COMP040,Offered
APP01315,STU0265,COMP019,Applied
APP01316,STU0265,COMP023,Applied
APP01317,STU0265,COMP009,Applied
APP01318,STU0265,COMP012,Applied
APP01319,STU0266,COMP019,Shortlisted
APP01320,STU0266,COMP028,Shortlisted
APP01321,STU0266,COMP001,Offered
APP01322,STU0266,COMP034,Applied
APP01323,STU0266,COMP007,Applied
APP01324,STU0266,COMP002,Applied
APP01325,STU0266,COMP025,Applied
APP01326,STU0267,COMP023,Applied
APP01327,STU0267,COMP029,Applied
APP01328,STU0267,COMP007,Applied
APP01329,STU0268,COMP036,Applied
APP01330,STU0268,COMP025,Applied
APP01331,STU0268,COMP016,Shortlisted
APP01332,STU0268,COMP033,Applied
APP01333,STU0269,COMP027,Shortlisted
APP01334,STU0269,COMP021,Applied
APP01335,STU0269,COMP036,Applied
APP01336,STU0269,COMP004,Shortlisted
APP01337,STU0269,COMP001,Applied
APP01338,STU0269,COMP017,Interviewed
APP01339,STU0270,COMP013,Applied
APP01340,STU0270,COMP019,Shortlisted
APP01341,STU0270,COMP029,Applied
APP01342,STU0270,COMP012,Offered
APP01343,STU0271,COMP009,Applied
APP01344,STU0271,COMP011,Applied
APP01345,STU0271,COMP038,Offered
APP01346,STU0271,COMP017,Shortlisted
APP01347,STU0271,COMP001,Applied
APP01348,STU0272,COMP032,Applied
APP01349,STU0272,COMP037,Applied
APP01350,STU0272,COMP036,Offered
APP01351,STU0272,COMP023,Applied
APP01352,STU0272,COMP005,Applied
APP01353,STU0273,COMP026,Interviewed
APP01354,STU0273,COMP006,Applied
APP01355,STU0273,COMP023,Applied
APP01356,STU0273,COMP015,Applied
APP01357,STU0273,COMP014,Applied
APP01358,STU0273,COMP022,Shortlisted
APP01359,STU0273,COMP035,Applied
APP01360,STU0274,COMP040,Shortlisted
APP01361,STU0274,COMP016,Interviewed
APP01362,STU0274,COMP003,Applied
APP01363,STU0274,COMP021,Applied
APP01364,STU0274,COMP025,Applied
APP01365,STU0274,COMP008,Shortlisted
APP01366,STU0274,COMP036,Offered
APP01367,STU0275,COMP035,Shortlisted
APP01368,STU0275,COMP001,Applied
APP01369,STU0275,COMP005,Applied
APP01370,STU0275,COMP014,Shortlisted
APP01371,STU0275,COMP037,Shortlisted
APP01372,STU0275,COMP028,Shortlisted
APP01373,STU0275,COMP007,Offered
APP01374,STU0276,COMP036,Applied
APP01375,STU0276,COMP005,Applied
APP01376,STU0276,COMP037,Applied
APP01377,STU0276,COMP015,Applied
APP01378,STU0276,COMP017,Applied
APP01379,STU0277,COMP035,Shortlisted
APP01380,STU0277,COMP001,Shortlisted
APP01381,STU0277,COMP040,Offered
APP01382,STU0278,COMP039,Shortlisted
APP01383,STU0278,COMP006,Applied
APP01384,STU0278,COMP019,Applied
APP01385,STU0278,COMP029,Interviewed
APP01386,STU0278,COMP025,Applied
APP01387,STU0279,COMP020,Applied
APP01388,STU0279,COMP024,Interviewed
APP01389,STU0279,COMP001,Offered
APP01390,STU0279,COMP036,Shortlisted
APP01391,STU0280,COMP014,Shortlisted
APP01392,STU0280,COMP027,Interviewed
APP01393,STU0280,COMP033,Applied
APP01394,STU0280,COMP010,Shortlisted
APP01395,STU0280,COMP011,Applied
APP01396,STU0281,COMP030,Interviewed
APP01397,STU0281,COMP036,Shortlisted
APP01398,STU0281,COMP005,Offered
APP01399,STU0281,COMP019,Offered
APP01400,STU0281,COMP038,Applied
APP01401,STU0281,COMP017,Applied
APP01402,STU0281,COMP007,Interviewed
APP01403,STU0282,COMP011,Interviewed
APP01404,STU0282,COMP001,Applied
APP01405,STU0282,COMP021,Applied
APP01406,STU0282,COMP016,Applied
APP01407,STU0282,COMP015,Applied
APP01408,STU0282,COMP028,Applied
APP01409,STU0283,COMP012,Applied
APP01410,STU0283,COMP039,Applied
APP01411,STU0283,COMP006,Offered
APP01412,STU0284,COMP005,Applied
APP01413,STU0284,COMP002,Applied
APP01414,STU0284,COMP033,Applied
APP01415,STU0285,COMP014,Applied
APP01416,STU0285,COMP003,Interviewed
APP01417,STU0285,COMP036,Applied
APP01418,STU0285,COMP017,Applied
APP01419,STU0285,COMP035,Offered
APP01420,STU0285,COMP038,Offered
APP01421,STU0285,COMP031,Applied
APP01422,STU0286,COMP011,Applied
APP01423,STU0286,COMP033,Offered
APP01424,STU0286,COMP009,Offered
APP01425,STU0286,COMP029,Interviewed
APP01426,STU0286,COMP040,Interviewed
APP01427,STU0286,COMP012,Shortlisted
APP01428,STU0286,COMP010,Shortlisted
APP01429,STU0287,COMP018,Shortlisted
APP01430,STU0287,COMP017,Applied
APP01431,STU0287,COMP038,Applied
APP01432,STU0287,COMP035,Shortlisted
APP01433,STU0287,COMP012,Applied
APP01434,STU0287,COMP025,Shortlisted
APP01435,STU0287,COMP037,Applied
APP01436,STU0288,COMP039,Offered
APP01437,STU0288,COMP001,Interviewed
APP01438,STU0288,COMP033,Applied
APP01439,STU0288,COMP009,Applied
APP01440,STU0288,COMP029,Offered
APP01441,STU0288,COMP011,Applied
APP01442,STU0289,COMP014,Offered
APP01443,STU0289,COMP038,Applied
APP01444,STU0289,COMP011,Offered
APP01445,STU0289,COMP027,Interviewed
APP01446,STU0289,COMP002,Applied
APP01447,STU0289,COMP016,Applied
APP01448,STU0290,COMP019,Shortlisted
APP01449,STU0290,COMP006,Applied
APP01450,STU0290,COMP014,Shortlisted
APP01451,STU0291,COMP010,Applied
APP01452,STU0291,COMP038,Applied
APP01453,STU0291,COMP012,Offered
APP01454,STU0291,COMP033,Interviewed
APP01455,STU0291,COMP017,Applied
APP01456,STU0291,COMP011,Applied
APP01457,STU0291,COMP022,Applied
APP01458,STU0292,COMP031,Applied
APP01459,STU0292,COMP040,Applied
APP01460,STU0292,COMP039,Applied
APP01461,STU0292,COMP003,Shortlisted
APP01462,STU0293,COMP035,Applied
APP01463,STU0293,COMP001,Applied
APP01464,STU0293,COMP028,Applied
APP01465,STU0293,COMP034,Applied
APP01466,STU0293,COMP027,Applied
APP01467,STU0293,COMP024,Applied
APP01468,STU0293,COMP003,Applied
APP01469,STU0294,COMP007,Shortlisted
APP01470,STU0294,COMP028,Interviewed
APP01471,STU0294,COMP009,Applied
APP01472,STU0294,COMP017,Applied
APP01473,STU0294,COMP031,Interviewed
APP01474,STU0294,COMP015,Applied
APP01475,STU0294,COMP006,Offered
APP01476,STU0295,COMP017,Applied
APP01477,STU0295,COMP040,Shortlisted
APP01478,STU0295,COMP035,Interviewed
APP01479,STU0295,COMP028,Offered
APP01480,STU0295,COMP024,Applied
APP01481,STU0295,COMP018,Applied
APP01482,STU0295,COMP026,Applied
APP01483,STU0296,COMP015,Interviewed
APP01484,STU0296,COMP029,Applied
APP01485,STU0296,COMP011,Applied
APP01486,STU0297,COMP011,Applied
APP01487,STU0297,COMP025,Applied
APP01488,STU0297,COMP001,Applied
APP01489,STU0298,COMP028,Applied
APP01490,STU0298,COMP006,Applied
APP01491,STU0298,COMP005,Applied
APP01492,STU0298,COMP017,Applied
APP01493,STU0298,COMP015,Applied
APP01494,STU0298,COMP024,Applied
APP01495,STU0298,COMP039,Applied
APP01496,STU0299,COMP012,Shortlisted
APP01497,STU0299,COMP032,Applied
APP01498,STU0299,COMP029,Applied
APP01499,STU0300,COMP003,Applied
APP01500,STU0300,COMP039,Applied
APP01501,STU0300,COMP033,Applied
APP01502,STU0300,COMP034,Shortlisted
APP01503,STU0301,COMP006,Applied
APP01504,STU0301,COMP018,Offered
APP01505,STU0301,COMP026,Applied
APP01506,STU0301,COMP023,Applied
APP01507,STU0302,COMP019,Applied
APP01508,STU0302,COMP036,Shortlisted
APP01509,STU0302,COMP038,Applied
APP01510,STU0302,COMP023,Offered
APP01511,STU0302,COMP037,Interviewed
APP01512,STU0302,COMP018,Applied
APP01513,STU0302,COMP015,Applied
APP01514,STU0303,COMP037,Applied
APP01515,STU0303,COMP017,Applied
APP01516,STU0303,COMP029,Applied
APP01517,STU0303,COMP025,Applied
APP01518,STU0303,COMP031,Offered
APP01519,STU0303,COMP016,Applied
APP01520,STU0303,COMP022,Applied
APP01521,STU0304,COMP021,Applied
APP01522,STU0304,COMP027,Applied
APP01523,STU0304,COMP023,Offered
APP01524,STU0304,COMP034,Applied
APP01525,STU0305,COMP005,Shortlisted
APP01526,STU0305,COMP036,Shortlisted
APP01527,STU0305,COMP012,Applied
APP01528,STU0305,COMP031,Applied
APP01529,STU0305,COMP021,Applied
APP01530,STU0306,COMP016,Interviewed
APP01531,STU0306,COMP017,Interviewed
APP01532,STU0306,COMP014,Applied
APP01533,STU0306,COMP015,Applied
APP01534,STU0307,COMP001,Applied
APP01535,STU0307,COMP035,Applied
APP01536,STU0307,COMP003,Applied
APP01537,STU0307,COMP031,Interviewed
APP01538,STU0307,COMP024,Applied
APP01539,STU0307,COMP021,Applied
APP01540,STU0307,COMP032,Applied
APP01541,STU0308,COMP004,Applied
APP01542,STU0308,COMP034,Interviewed
APP01543,STU0308,COMP028,Applied
APP01544,STU0308,COMP031,Applied
APP01545,STU0309,COMP034,Applied
APP01546,STU0309,COMP030,Interviewed
APP01547,STU0309,COMP021,Shortlisted
APP01548,STU0310,COMP012,Applied
APP01549,STU0310,COMP036,Applied
APP01550,STU0310,COMP017,Offered
APP01551,STU0310,COMP016,Applied
APP01552,STU0310,COMP018,Applied
APP01553,STU0311,COMP018,Applied
APP01554,STU0311,COMP029,Applied
APP01555,STU0311,COMP012,Applied
APP01556,STU0311,COMP037,Applied
APP01557,STU0311,COMP009,Applied
APP01558,STU0311,COMP015,Shortlisted
APP01559,STU0312,COMP031,Applied
APP01560,STU0312,COMP001,Applied
APP01561,STU0312,COMP012,Applied
APP01562,STU0312,COMP027,Applied
APP01563,STU0313,COMP032,Offered
APP01564,STU0313,COMP020,Interviewed
APP01565,STU0313,COMP017,Shortlisted
APP01566,STU0313,COMP036,Interviewed
APP01567,STU0313,COMP037,Applied
APP01568,STU0314,COMP002,Interviewed
APP01569,STU0314,COMP027,Shortlisted
APP01570,STU0314,COMP008,Shortlisted
APP01571,STU0314,COMP023,Applied
APP01572,STU0314,COMP039,Applied
APP01573,STU0315,COMP025,Applied
APP01574,STU0315,COMP040,Applied
APP01575,STU0315,COMP019,Applied
APP01576,STU0316,COMP027,Offered
APP01577,STU0316,COMP040,Applied
APP01578,STU0316,COMP037,Applied
APP01579,STU0316,COMP026,Applied
APP01580,STU0316,COMP005,Shortlisted
APP01581,STU0317,COMP038,Interviewed
APP01582,STU0317,COMP034,Applied
APP01583,STU0317,COMP029,Applied
APP01584,STU0317,COMP027,Applied
APP01585,STU0317,COMP011,Offered
APP01586,STU0318,COMP031,Interviewed
APP01587,STU0318,COMP036,Offered
APP01588,STU0318,COMP004,Applied
APP01589,STU0319,COMP020,Shortlisted
APP01590,STU0319,COMP015,Shortlisted
APP01591,STU0319,COMP016,Applied
APP01592,STU0319,COMP019,Interviewed
APP01593,STU0319,COMP029,Applied
APP01594,STU0319,COMP009,Interviewed
APP01595,STU0320,COMP012,Applied
APP01596,STU0320,COMP038,Offered
APP01597,STU0320,COMP030,Offered
APP01598,STU0320,COMP037,Interviewed
APP01599,STU0320,COMP028,Interviewed
APP01600,STU0320,COMP034,Applied
APP01601,STU0320,COMP020,Shortlisted
APP01602,STU0321,COMP001,Applied
APP01603,STU0321,COMP028,Applied
APP01604,STU0321,COMP019,Shortlisted
APP01605,STU0321,COMP039,Applied
APP01606,STU0321,COMP015,Shortlisted
APP01607,STU0322,COMP025,Applied
APP01608,STU0322,COMP015,Applied
APP01609,STU0322,COMP017,Applied
APP01610,STU0322,COMP006,Applied
APP01611,STU0322,COMP028,Shortlisted
APP01612,STU0322,COMP016,Applied
APP01613,STU0323,COMP027,Shortlisted
APP01614,STU0323,COMP013,Applied
APP01615,STU0323,COMP005,Shortlisted
APP01616,STU0323,COMP012,Offered
APP01617,STU0323,COMP009,Applied
APP01618,STU0324,COMP007,Applied
APP01619,STU0324,COMP019,Applied
APP01620,STU0324,COMP018,Interviewed
APP01621,STU0324,COMP009,Interviewed
APP01622,STU0325,COMP030,Shortlisted
APP01623,STU0325,COMP003,Offered
APP01624,STU0325,COMP022,Applied
APP01625,STU0325,COMP006,Applied
APP01626,STU0325,COMP010,Applied
APP01627,STU0326,COMP016,Shortlisted
APP01628,STU0326,COMP025,Shortlisted
APP01629,STU0326,COMP029,Shortlisted
APP01630,STU0327,COMP031,Shortlisted
APP01631,STU0327,COMP025,Applied
APP01632,STU0327,COMP020,Applied
APP01633,STU0327,COMP021,Offered
APP01634,STU0328,COMP004,Offered
APP01635,STU0328,COMP014,Shortlisted
APP01636,STU0328,COMP008,Interviewed
APP01637,STU0328,COMP016,Applied
APP01638,STU0328,COMP028,Applied
APP01639,STU0329,COMP006,Shortlisted
APP01640,STU0329,COMP016,Applied
APP01641,STU0329,COMP011,Offered
APP01642,STU0329,COMP032,Applied
APP01643,STU0329,COMP040,Offered
APP01644,STU0330,COMP023,Interviewed
APP01645,STU0330,COMP029,Applied
APP01646,STU0330,COMP013,Applied
APP01647,STU0330,COMP002,Applied
APP01648,STU0330,COMP025,Applied
APP01649,STU0330,COMP040,Applied
APP01650,STU0330,COMP009,Interviewed
APP01651,STU0331,COMP036,Applied
APP01652,STU0331,COMP011,Applied
APP01653,STU0331,COMP005,Applied
APP01654,STU0331,COMP034,Applied
APP01655,STU0331,COMP010,Applied
APP01656,STU0331,COMP029,Applied
APP01657,STU0331,COMP019,Applied
APP01658,STU0332,COMP024,Applied
APP01659,STU0332,COMP016,Applied
APP01660,STU0332,COMP021,Applied
APP01661,STU0332,COMP005,Applied
APP01662,STU0332,COMP035,Shortlisted
APP01663,STU0332,COMP025,Offered
APP01664,STU0332,COMP013,Applied
APP01665,STU0333,COMP012,Applied
APP01666,STU0333,COMP003,Interviewed
APP01667,STU0333,COMP013,Applied
APP01668,STU0333,COMP007,Applied
APP01669,STU0334,COMP017,Applied
APP01670,STU0334,COMP004,Applied
APP01671,STU0334,COMP024,Applied
APP01672,STU0334,COMP015,Shortlisted
APP01673,STU0334,COMP005,Shortlisted
APP01674,STU0334,COMP001,Applied
APP01675,STU0334,COMP014,Applied
APP01676,STU0335,COMP040,Offered
APP01677,STU0335,COMP018,Applied
APP01678,STU0335,COMP034,Applied
APP01679,STU0336,COMP007,Applied
APP01680,STU0336,COMP015,Shortlisted
APP01681,STU0336,COMP035,Applied
APP01682,STU0337,COMP036,Interviewed
APP01683,STU0337,COMP027,Applied
APP01684,STU0337,COMP007,Offered
APP01685,STU0337,COMP037,Interviewed
APP01686,STU0338,COMP023,Applied
APP01687,STU0338,COMP021,Applied
APP01688,STU0338,COMP036,Applied
APP01689,STU0338,COMP039,Applied
APP01690,STU0338,COMP024,Applied
APP01691,STU0338,COMP027,Shortlisted
APP01692,STU0339,COMP024,Applied
APP01693,STU0339,COMP029,Applied
APP01694,STU0339,COMP026,Applied
APP01695,STU0339,COMP001,Applied
APP01696,STU0339,COMP003,Offered
APP01697,STU0340,COMP002,Applied
APP01698,STU0340,COMP018,Offered
APP01699,STU0340,COMP036,Interviewed
APP01700,STU0340,COMP033,Shortlisted
APP01701,STU0340,COMP037,Interviewed
APP01702,STU0341,COMP021,Applied
APP01703,STU0341,COMP031,Applied
APP01704,STU0341,COMP012,Applied
APP01705,STU0342,COMP039,Applied
APP01706,STU0342,COMP020,Applied
APP01707,STU0342,COMP003,Interviewed
APP01708,STU0343,COMP028,Applied
APP01709,STU0343,COMP027,Applied
APP01710,STU0343,COMP008,Applied
APP01711,STU0343,COMP015,Offered
APP01712,STU0343,COMP039,Applied
APP01713,STU0344,COMP033,Applied
APP01714,STU0344,COMP015,Applied
APP01715,STU0344,COMP010,Applied
APP01716,STU0344,COMP004,Interviewed
APP01717,STU0344,COMP026,Interviewed
APP01718,STU0345,COMP036,Interviewed
APP01719,STU0345,COMP026,Interviewed
APP01720,STU0345,COMP017,Shortlisted
APP01721,STU0346,COMP036,Offered
APP01722,STU0346,COMP040,Applied
APP01723,STU0346,COMP034,Applied
APP01724,STU0346,COMP016,Offered
APP01725,STU0347,COMP021,Applied
APP01726,STU0347,COMP023,Interviewed
APP01727,STU0347,COMP039,Applied
APP01728,STU0347,COMP002,Applied
APP01729,STU0348,COMP003,Interviewed
APP01730,STU0348,COMP015,Applied
APP01731,STU0348,COMP013,Applied
APP01732,STU0348,COMP024,Applied
APP01733,STU0348,COMP010,Shortlisted
APP01734,STU0348,COMP006,Offered
APP01735,STU0349,COMP035,Applied
APP01736,STU0349,COMP014,Applied
APP01737,STU0349,COMP034,Applied
APP01738,STU0349,COMP017,Applied
APP01739,STU0350,COMP025,Offered
APP01740,STU0350,COMP038,Applied
APP01741,STU0350,COMP034,Applied
APP01742,STU0351,COMP030,Applied
APP01743,STU0351,COMP001,Shortlisted
APP01744,STU0351,COMP005,Applied
APP01745,STU0352,COMP002,Interviewed
APP01746,STU0352,COMP019,Interviewed
APP01747,STU0352,COMP025,Applied
APP01748,STU0353,COMP013,Applied
APP01749,STU0353,COMP033,Interviewed
APP01750,STU0353,COMP030,Applied
APP01751,STU0353,COMP036,Applied
APP01752,STU0354,COMP002,Applied
APP01753,STU0354,COMP023,Applied
APP01754,STU0354,COMP020,Offered
APP01755,STU0354,COMP016,Applied
APP01756,STU0355,COMP036,Shortlisted
APP01757,STU0355,COMP018,Applied
APP01758,STU0355,COMP015,Interviewed
APP01759,STU0356,COMP015,Applied
APP01760,STU0356,COMP027,Offered
APP01761,STU0356,COMP016,Interviewed
APP01762,STU0356,COMP037,Applied
APP01763,STU0356,COMP010,Shortlisted
APP01764,STU0356,COMP028,Applied
APP01765,STU0356,COMP020,Shortlisted
APP01766,STU0357,COMP037,Applied
APP01767,STU0357,COMP011,Applied
APP01768,STU0357,COMP021,Interviewed
APP01769,STU0357,COMP005,Applied
APP01770,STU0358,COMP027,Applied
APP01771,STU0358,COMP020,Interviewed
APP01772,STU0358,COMP029,Applied
APP01773,STU0358,COMP018,Offered
APP01774,STU0358,COMP010,Shortlisted
APP01775,STU0359,COMP006,Applied
APP01776,STU0359,COMP031,Applied
APP01777,STU0359,COMP009,Interviewed
APP01778,STU0359,COMP033,Offered
APP01779,STU0359,COMP039,Applied
APP01780,STU0360,COMP027,Shortlisted
APP01781,STU0360,COMP015,Applied
APP01782,STU0360,COMP013,Applied
APP01783,STU0360,COMP014,Applied
APP01784,STU0360,COMP005,Applied
APP01785,STU0361,COMP028,Applied
APP01786,STU0361,COMP026,Applied
APP01787,STU0361,COMP003,Shortlisted
APP01788,STU0361,COMP039,Applied
APP01789,STU0362,COMP035,Applied
APP01790,STU0362,COMP034,Shortlisted
APP01791,STU0362,COMP003,Applied
APP01792,STU0362,COMP039,Applied
APP01793,STU0362,COMP007,Applied
APP01794,STU0362,COMP029,Applied
APP01795,STU0362,COMP030,Applied
APP01796,STU0363,COMP013,Interviewed
APP01797,STU0363,COMP019,Applied
APP01798,STU0363,COMP029,Shortlisted
APP01799,STU0364,COMP034,Applied
APP01800,STU0364,COMP010,Applied
APP01801,STU0364,COMP030,Applied
APP01802,STU0365,COMP012,Interviewed
APP01803,STU0365,COMP038,Interviewed
APP01804,STU0365,COMP035,Offered
APP01805,STU0366,COMP008,Shortlisted
APP01806,STU0366,COMP006,Applied
APP01807,STU0366,COMP029,Applied
APP01808,STU0366,COMP024,Applied
APP01809,STU0367,COMP025,Applied
APP01810,STU0367,COMP036,Applied
APP01811,STU0367,COMP003,Applied
APP01812,STU0367,COMP011,Shortlisted
APP01813,STU0368,COMP004,Applied
APP01814,STU0368,COMP027,Shortlisted
APP01815,STU0368,COMP020,Applied
APP01816,STU0368,COMP029,Shortlisted
APP01817,STU0369,COMP030,Applied
APP01818,STU0369,COMP032,Applied
APP01819,STU0369,COMP035,Applied
APP01820,STU0370,COMP038,Applied
APP01821,STU0370,COMP031,Applied
APP01822,STU0370,COMP030,Shortlisted
APP01823,STU0370,COMP027,Applied
APP01824,STU0371,COMP014,Interviewed
APP01825,STU0371,COMP004,Applied
APP01826,STU0371,COMP012,Applied
APP01827,STU0371,COMP010,Interviewed
APP01828,STU0371,COMP039,Interviewed
APP01829,STU0371,COMP023,Applied
APP01830,STU0371,COMP003,Applied
APP01831,STU0372,COMP012,Shortlisted
APP01832,STU0372,COMP030,Applied
APP01833,STU0372,COMP038,Applied
APP01834,STU0372,COMP024,Applied
APP01835,STU0372,COMP003,Offered
APP01836,STU0372,COMP006,Applied
APP01837,STU0372,COMP020,Offered
APP01838,STU0373,COMP040,Applied
APP01839,STU0373,COMP004,Applied
APP01840,STU0373,COMP007,Applied
APP01841,STU0373,COMP037,Applied
APP01842,STU0374,COMP019,Applied
APP01843,STU0374,COMP028,Applied
APP01844,STU0374,COMP021,Applied
APP01845,STU0374,COMP017,Applied
APP01846,STU0374,COMP034,Applied
APP01847,STU0374,COMP023,Applied
APP01848,STU0374,COMP009,Offered
APP01849,STU0375,COMP002,Applied
APP01850,STU0375,COMP030,Shortlisted
APP01851,STU0375,COMP008,Applied
APP01852,STU0376,COMP022,Applied
APP01853,STU0376,COMP023,Shortlisted
APP01854,STU0376,COMP036,Applied
APP01855,STU0377,COMP005,Applied
APP01856,STU0377,COMP020,Offered
APP01857,STU0377,COMP033,Applied
APP01858,STU0377,COMP036,Applied
APP01859,STU0377,COMP021,Applied
APP01860,STU0378,COMP022,Applied
APP01861,STU0378,COMP031,Applied
APP01862,STU0378,COMP003,Applied
APP01863,STU0378,COMP009,Applied
APP01864,STU0379,COMP030,Applied
APP01865,STU0379,COMP027,Applied
APP01866,STU0379,COMP004,Applied
APP01867,STU0379,COMP034,Offered
APP01868,STU0379,COMP020,Applied
APP01869,STU0380,COMP005,Applied
APP01870,STU0380,COMP010,Applied
APP01871,STU0380,COMP018,Applied
APP01872,STU0380,COMP002,Applied
APP01873,STU0380,COMP022,Interviewed
APP01874,STU0381,COMP021,Applied
APP01875,STU0381,COMP003,Interviewed
APP01876,STU0381,COMP018,Offered
APP01877,STU0381,COMP027,Applied
APP01878,STU0381,COMP006,Applied
APP01879,STU0382,COMP029,Applied
APP01880,STU0382,COMP033,Applied
APP01881,STU0382,COMP002,Interviewed
APP01882,STU0383,COMP020,Applied
APP01883,STU0383,COMP021,Applied
APP01884,STU0383,COMP010,Applied
APP01885,STU0383,COMP007,Applied
APP01886,STU0383,COMP034,Shortlisted
APP01887,STU0383,COMP009,Applied
APP01888,STU0383,COMP014,Applied
APP01889,STU0384,COMP022,Shortlisted
APP01890,STU0384,COMP030,Applied
APP01891,STU0384,COMP003,Shortlisted
APP01892,STU0385,COMP021,Applied
APP01893,STU0385,COMP013,Applied
APP01894,STU0385,COMP019,Applied
APP01895,STU0385,COMP018,Offered
APP01896,STU0386,COMP036,Shortlisted
APP01897,STU0386,COMP033,Applied
APP01898,STU0386,COMP007,Applied
APP01899,STU0386,COMP014,Interviewed
APP01900,STU0386,COMP035,Applied
APP01901,STU0386,COMP023,Interviewed
APP01902,STU0386,COMP021,Offered
APP01903,STU0387,COMP012,Interviewed
APP01904,STU0387,COMP039,Applied
APP01905,STU0387,COMP038,Shortlisted
APP01906,STU0387,COMP029,Applied
APP01907,STU0387,COMP023,Applied
APP01908,STU0387,COMP020,Shortlisted
APP01909,STU0388,COMP007,Applied
APP01910,STU0388,COMP030,Shortlisted
APP01911,STU0388,COMP020,Offered
APP01912,STU0388,COMP039,Applied
APP01913,STU0388,COMP031,Shortlisted
APP01914,STU0388,COMP015,Offered
APP01915,STU0389,COMP023,Applied
APP01916,STU0389,COMP031,Interviewed
APP01917,STU0389,COMP030,Applied
APP01918,STU0390,COMP007,Offered
APP01919,STU0390,COMP021,Interviewed
APP01920,STU0390,COMP036,Interviewed
APP01921,STU0390,COMP005,Shortlisted
APP01922,STU0390,COMP020,Applied
APP01923,STU0390,COMP035,Shortlisted
APP01924,STU0391,COMP005,Applied
APP01925,STU0391,COMP037,Applied
APP01926,STU0391,COMP032,Applied
APP01927,STU0391,COMP008,Applied
APP01928,STU0392,COMP020,Shortlisted
APP01929,STU0392,COMP026,Applied
APP01930,STU0392,COMP005,Interviewed
APP01931,STU0392,COMP039,Shortlisted
APP01932,STU0393,COMP001,Applied
APP01933,STU0393,COMP010,Applied
APP01934,STU0393,COMP039,Shortlisted
APP01935,STU0393,COMP029,Shortlisted
APP01936,STU0393,COMP035,Applied
APP01937,STU0393,COMP019,Applied
APP01938,STU0393,COMP025,Applied
APP01939,STU0394,COMP006,Applied
APP01940,STU0394,COMP038,Offered
APP01941,STU0394,COMP001,Applied
APP01942,STU0394,COMP040,Shortlisted
APP01943,STU0394,COMP033,Applied
APP01944,STU0395,COMP008,Applied
APP01945,STU0395,COMP019,Applied
APP01946,STU0395,COMP002,Offered
APP01947,STU0395,COMP016,Applied
APP01948,STU0395,COMP028,Applied
APP01949,STU0396,COMP009,Shortlisted
APP01950,STU0396,COMP013,Applied
APP01951,STU0396,COMP036,Offered
APP01952,STU0396,COMP025,Applied
APP01953,STU0396,COMP024,Applied
APP01954,STU0396,COMP027,Applied
APP01955,STU0397,COMP006,Applied
APP01956,STU0397,COMP009,Applied
APP01957,STU0397,COMP027,Applied
APP01958,STU0397,COMP030,Applied
APP01959,STU0398,COMP033,Offered
APP01960,STU0398,COMP028,Applied
APP01961,STU0398,COMP036,Applied
APP01962,STU0398,COMP029,Applied
APP01963,STU0398,COMP025,Shortlisted
APP01964,STU0398,COMP023,Applied
APP01965,STU0399,COMP003,Applied
APP01966,STU0399,COMP037,Interviewed
APP01967,STU0399,COMP031,Shortlisted
APP01968,STU0400,COMP030,Applied
APP01969,STU0400,COMP034,Applied
APP01970,STU0400,COMP006,Applied
APP01971,STU0400,COMP040,Shortlisted
APP01972,STU0400,COMP016,Applied
APP01973,STU0401,COMP040,Applied
APP01974,STU0401,COMP004,Applied
APP01975,STU0401,COMP022,Applied
APP01976,STU0401,COMP035,Applied
APP01977,STU0401,COMP001,Applied
APP01978,STU0402,COMP019,Applied
APP01979,STU0402,COMP011,Applied
APP01980,STU0402,COMP003,Offered
APP01981,STU0402,COMP039,Shortlisted
APP01982,STU0402,COMP020,Applied
APP01983,STU0403,COMP002,Applied
APP01984,STU0403,COMP019,Offered
APP01985,STU0403,COMP032,Applied
APP01986,STU0403,COMP006,Offered
APP01987,STU0403,COMP009,Applied
APP01988,STU0403,COMP033,Interviewed
APP01989,STU0403,COMP005,Shortlisted
APP01990,STU0404,COMP012,Applied
APP01991,STU0404,COMP034,Applied
APP01992,STU0404,COMP003,Applied
APP01993,STU0404,COMP022,Applied
APP01994,STU0404,COMP006,Applied
APP01995,STU0404,COMP010,Applied
APP01996,STU0405,COMP011,Applied
APP01997,STU0405,COMP014,Offered
APP01998,STU0405,COMP037,Shortlisted
APP01999,STU0405,COMP023,Applied
APP02000,STU0405,COMP004,Applied
APP02001,STU0405,COMP017,Shortlisted
APP02002,STU0406,COMP017,Applied
APP02003,STU0406,COMP010,Shortlisted
APP02004,STU0406,COMP034,Applied
APP02005,STU0406,COMP028,Applied
APP02006,STU0406,COMP001,Shortlisted
APP02007,STU0406,COMP019,Applied
APP02008,STU0407,COMP040,Interviewed
APP02009,STU0407,COMP018,Applied
APP02010,STU0407,COMP022,Shortlisted
APP02011,STU0407,COMP039,Applied
APP02012,STU0407,COMP037,Applied
APP02013,STU0407,COMP007,Applied
APP02014,STU0408,COMP021,Offered
APP02015,STU0408,COMP036,Offered
APP02016,STU0408,COMP001,Offered
APP02017,STU0408,COMP005,Applied
APP02018,STU0409,COMP039,Applied
APP02019,STU0409,COMP008,Applied
APP02020,STU0409,COMP006,Applied
APP02021,STU0409,COMP009,Applied
APP02022,STU0410,COMP008,Applied
APP02023,STU0410,COMP012,Applied
APP02024,STU0410,COMP017,Applied
APP02025,STU0410,COMP019,Applied
APP02026,STU0411,COMP028,Offered
APP02027,STU0411,COMP021,Applied
APP02028,STU0411,COMP017,Shortlisted
APP02029,STU0411,COMP011,Interviewed
APP02030,STU0411,COMP005,Interviewed
APP02031,STU0412,COMP010,Shortlisted
APP02032,STU0412,COMP035,Applied
APP02033,STU0412,COMP028,Applied
APP02034,STU0413,COMP003,Applied
APP02035,STU0413,COMP005,Applied
APP02036,STU0413,COMP037,Interviewed
APP02037,STU0414,COMP003,Offered
APP02038,STU0414,COMP025,Shortlisted
APP02039,STU0414,COMP018,Applied
APP02040,STU0415,COMP028,Applied
APP02041,STU0415,COMP026,Applied
APP02042,STU0415,COMP005,Applied
APP02043,STU0415,COMP035,Interviewed
APP02044,STU0415,COMP015,Applied
APP02045,STU0415,COMP001,Interviewed
APP02046,STU0416,COMP024,Interviewed
APP02047,STU0416,COMP035,Applied
APP02048,STU0416,COMP022,Offered
APP02049,STU0417,COMP020,Applied
APP02050,STU0417,COMP025,Applied
APP02051,STU0417,COMP007,Applied
APP02052,STU0417,COMP023,Offered
APP02053,STU0418,COMP016,Applied
APP02054,STU0418,COMP032,Applied
APP02055,STU0418,COMP025,Shortlisted
APP02056,STU0418,COMP005,Interviewed
APP02057,STU0418,COMP035,Interviewed
APP02058,STU0418,COMP020,Applied
APP02059,STU0418,COMP039,Shortlisted
APP02060,STU0419,COMP010,Applied
APP02061,STU0419,COMP038,Applied
APP02062,STU0419,COMP015,Applied
APP02063,STU0419,COMP005,Shortlisted
APP02064,STU0419,COMP003,Offered
APP02065,STU0419,COMP040,Shortlisted
APP02066,STU0419,COMP032,Applied
APP02067,STU0420,COMP038,Applied
APP02068,STU0420,COMP005,Applied
APP02069,STU0420,COMP007,Shortlisted
APP02070,STU0420,COMP008,Shortlisted
APP02071,STU0421,COMP021,Applied
APP02072,STU0421,COMP008,Applied
APP02073,STU0421,COMP037,Applied
APP02074,STU0421,COMP035,Applied
APP02075,STU0421,COMP009,Offered
APP02076,STU0421,COMP040,Applied
APP02077,STU0422,COMP036,Interviewed
APP02078,STU0422,COMP011,Applied
APP02079,STU0422,COMP029,Applied
APP02080,STU0422,COMP016,Offered
APP02081,STU0422,COMP038,Interviewed
APP02082,STU0423,COMP027,Applied
APP02083,STU0423,COMP031,Applied
APP02084,STU0423,COMP009,Shortlisted
APP02085,STU0423,COMP014,Applied
APP02086,STU0423,COMP010,Interviewed
APP02087,STU0424,COMP020,Offered
APP02088,STU0424,COMP023,Applied
APP02089,STU0424,COMP027,Interviewed
APP02090,STU0425,COMP033,Interviewed
APP02091,STU0425,COMP015,Applied
APP02092,STU0425,COMP030,Applied
APP02093,STU0425,COMP014,Shortlisted
APP02094,STU0425,COMP018,Offered
APP02095,STU0425,COMP004,Shortlisted
APP02096,STU0425,COMP013,Applied
APP02097,STU0426,COMP003,Applied
APP02098,STU0426,COMP007,Applied
APP02099,STU0426,COMP004,Shortlisted
APP02100,STU0426,COMP035,Applied
APP02101,STU0426,COMP012,Applied
APP02102,STU0426,COMP011,Interviewed
APP02103,STU0427,COMP015,Applied
APP02104,STU0427,COMP008,Applied
APP02105,STU0427,COMP021,Interviewed
APP02106,STU0427,COMP007,Applied
APP02107,STU0427,COMP016,Applied
APP02108,STU0428,COMP014,Applied
APP02109,STU0428,COMP040,Shortlisted
APP02110,STU0428,COMP030,Applied
APP02111,STU0428,COMP012,Applied
APP02112,STU0429,COMP022,Interviewed
APP02113,STU0429,COMP009,Applied
APP02114,STU0429,COMP003,Interviewed
APP02115,STU0429,COMP037,Applied
APP02116,STU0430,COMP011,Applied
APP02117,STU0430,COMP037,Applied
APP02118,STU0430,COMP036,Applied
APP02119,STU0430,COMP015,Applied
APP02120,STU0430,COMP006,Shortlisted
APP02121,STU0430,COMP027,Applied
APP02122,STU0430,COMP034,Interviewed
APP02123,STU0431,COMP010,Applied
APP02124,STU0431,COMP037,Applied
APP02125,STU0431,COMP001,Interviewed
APP02126,STU0431,COMP027,Applied
APP02127,STU0431,COMP003,Offered
APP02128,STU0431,COMP036,Applied
APP02129,STU0431,COMP031,Applied
APP02130,STU0432,COMP014,Shortlisted
APP02131,STU0432,COMP009,Interviewed
APP02132,STU0432,COMP023,Applied
APP02133,STU0432,COMP019,Applied
APP02134,STU0432,COMP016,Applied
APP02135,STU0432,COMP006,Shortlisted
APP02136,STU0433,COMP024,Shortlisted
APP02137,STU0433,COMP030,Applied
APP02138,STU0433,COMP001,Shortlisted
APP02139,STU0433,COMP005,Applied
APP02140,STU0434,COMP035,Applied
APP02141,STU0434,COMP037,Applied
APP02142,STU0434,COMP014,Applied
APP02143,STU0434,COMP006,Interviewed
APP02144,STU0434,COMP022,Interviewed
APP02145,STU0434,COMP004,Shortlisted
APP02146,STU0434,COMP033,Shortlisted
APP02147,STU0435,COMP035,Applied
APP02148,STU0435,COMP008,Applied
APP02149,STU0435,COMP031,Applied
APP02150,STU0435,COMP038,Applied
APP02151,STU0436,COMP023,Interviewed
APP02152,STU0436,COMP018,Applied
APP02153,STU0436,COMP033,Shortlisted
APP02154,STU0436,COMP028,Applied
APP02155,STU0436,COMP004,Applied
APP02156,STU0437,COMP029,Applied
APP02157,STU0437,COMP040,Applied
APP02158,STU0437,COMP024,Shortlisted
APP02159,STU0437,COMP005,Shortlisted
APP02160,STU0437,COMP013,Interviewed
APP02161,STU0438,COMP010,Applied
APP02162,STU0438,COMP014,Applied
APP02163,STU0438,COMP034,Offered
APP02164,STU0438,COMP002,Applied
APP02165,STU0438,COMP019,Interviewed
APP02166,STU0438,COMP027,Shortlisted
APP02167,STU0439,COMP027,Applied
APP02168,STU0439,COMP038,Applied
APP02169,STU0439,COMP022,Applied
APP02170,STU0439,COMP021,Applied
APP02171,STU0439,COMP032,Interviewed
APP02172,STU0440,COMP017,Applied
APP02173,STU0440,COMP015,Applied
APP02174,STU0440,COMP031,Interviewed
APP02175,STU0440,COMP024,Shortlisted
APP02176,STU0441,COMP019,Offered
APP02177,STU0441,COMP012,Interviewed
APP02178,STU0441,COMP039,Offered
APP02179,STU0441,COMP010,Offered
APP02180,STU0441,COMP011,Shortlisted
APP02181,STU0441,COMP016,Offered
APP02182,STU0441,COMP008,Offered
APP02183,STU0442,COMP033,Interviewed
APP02184,STU0442,COMP022,Shortlisted
APP02185,STU0442,COMP019,Interviewed
APP02186,STU0442,COMP031,Offered
APP02187,STU0442,COMP038,Applied
APP02188,STU0442,COMP010,Interviewed
APP02189,STU0442,COMP029,Applied
APP02190,STU0443,COMP002,Applied
APP02191,STU0443,COMP006,Applied
APP02192,STU0443,COMP035,Applied
APP02193,STU0443,COMP029,Interviewed
APP02194,STU0444,COMP004,Offered
APP02195,STU0444,COMP024,Applied
APP02196,STU0444,COMP026,Applied
APP02197,STU0444,COMP010,Shortlisted
APP02198,STU0444,COMP028,Applied
APP02199,STU0444,COMP039,Applied
APP02200,STU0444,COMP025,Applied
APP02201,STU0445,COMP011,Applied
APP02202,STU0445,COMP028,Interviewed
APP02203,STU0445,COMP027,Applied
APP02204,STU0445,COMP009,Shortlisted
APP02205,STU0445,COMP038,Applied
APP02206,STU0446,COMP006,Applied
APP02207,STU0446,COMP001,Applied
APP02208,STU0446,COMP027,Applied
APP02209,STU0446,COMP018,Offered
APP02210,STU0446,COMP038,Applied
APP02211,STU0446,COMP012,Shortlisted
APP02212,STU0447,COMP020,Interviewed
APP02213,STU0447,COMP032,Applied
APP02214,STU0447,COMP036,Shortlisted
APP02215,STU0447,COMP030,Interviewed
APP02216,STU0447,COMP015,Applied
APP02217,STU0447,COMP002,Shortlisted
APP02218,STU0447,COMP001,Shortlisted
APP02219,STU0448,COMP024,Applied
APP02220,STU0448,COMP038,Applied
APP02221,STU0448,COMP031,Shortlisted
APP02222,STU0448,COMP037,Interviewed
APP02223,STU0448,COMP028,Interviewed
APP02224,STU0448,COMP017,Offered
APP02225,STU0448,COMP039,Applied
APP02226,STU0449,COMP004,Shortlisted
APP02227,STU0449,COMP019,Applied
APP02228,STU0449,COMP034,Applied
APP02229,STU0449,COMP005,Offered
APP02230,STU0449,COMP033,Applied
APP02231,STU0450,COMP018,Offered
APP02232,STU0450,COMP024,Shortlisted
APP02233,STU0450,COMP007,Applied
APP02234,STU0450,COMP035,Applied
APP02235,STU0450,COMP038,Interviewed
APP02236,STU0451,COMP036,Applied
APP02237,STU0451,COMP040,Applied
APP02238,STU0451,COMP034,Applied
APP02239,STU0451,COMP035,Applied
APP02240,STU0452,COMP008,Applied
APP02241,STU0452,COMP009,Interviewed
APP02242,STU0452,COMP002,Applied
APP02243,STU0453,COMP034,Shortlisted
APP02244,STU0453,COMP022,Applied
APP02245,STU0453,COMP012,Applied
APP02246,STU0453,COMP020,Shortlisted
APP02247,STU0453,COMP002,Applied
APP02248,STU0453,COMP008,Applied
APP02249,STU0453,COMP015,Interviewed
APP02250,STU0454,COMP003,Applied
APP02251,STU0454,COMP013,Applied
APP02252,STU0454,COMP007,Offered
APP02253,STU0454,COMP040,Interviewed
APP02254,STU0454,COMP033,Applied
APP02255,STU0454,COMP004,Shortlisted
APP02256,STU0455,COMP006,Applied
APP02257,STU0455,COMP010,Interviewed
APP02258,STU0455,COMP018,Applied
APP02259,STU0456,COMP033,Applied
APP02260,STU0456,COMP037,Applied
APP02261,STU0456,COMP005,Applied
APP02262,STU0456,COMP007,Applied
APP02263,STU0457,COMP011,Applied
APP02264,STU0457,COMP035,Applied
APP02265,STU0457,COMP001,Applied
APP02266,STU0457,COMP007,Applied
APP02267,STU0457,COMP014,Shortlisted
APP02268,STU0458,COMP012,Applied
APP02269,STU0458,COMP023,Applied
APP02270,STU0458,COMP025,Applied
APP02271,STU0459,COMP008,Applied
APP02272,STU0459,COMP030,Applied
APP02273,STU0459,COMP034,Applied
APP02274,STU0459,COMP009,Offered
APP02275,STU0459,COMP032,Shortlisted
APP02276,STU0460,COMP029,Applied
APP02277,STU0460,COMP015,Applied
APP02278,STU0460,COMP036,Applied
APP02279,STU0460,COMP027,Applied
APP02280,STU0460,COMP019,Applied
APP02281,STU0461,COMP012,Shortlisted
APP02282,STU0461,COMP001,Offered
APP02283,STU0461,COMP032,Applied
APP02284,STU0461,COMP007,Shortlisted
APP02285,STU0461,COMP026,Applied
APP02286,STU0462,COMP024,Shortlisted
APP02287,STU0462,COMP013,Applied
APP02288,STU0462,COMP022,Interviewed
APP02289,STU0463,COMP038,Applied
APP02290,STU0463,COMP018,Offered
APP02291,STU0463,COMP026,Applied
APP02292,STU0463,COMP023,Shortlisted
APP02293,STU0463,COMP031,Shortlisted
APP02294,STU0463,COMP040,Applied
APP02295,STU0463,COMP032,Applied
APP02296,STU0464,COMP012,Applied
APP02297,STU0464,COMP025,Shortlisted
APP02298,STU0464,COMP039,Interviewed
APP02299,STU0465,COMP030,Interviewed
APP02300,STU0465,COMP013,Applied
APP02301,STU0465,COMP019,Applied
APP02302,STU0465,COMP032,Interviewed
APP02303,STU0465,COMP037,Offered
APP02304,STU0465,COMP033,Applied
APP02305,STU0466,COMP012,Applied
APP02306,STU0466,COMP036,Offered
APP02307,STU0466,COMP020,Applied
APP02308,STU0467,COMP037,Applied
APP02309,STU0467,COMP032,Applied
APP02310,STU0467,COMP036,Applied
APP02311,STU0468,COMP033,Shortlisted
APP02312,STU0468,COMP004,Applied
APP02313,STU0468,COMP026,Shortlisted
APP02314,STU0468,COMP017,Offered
APP02315,STU0469,COMP023,Offered
APP02316,STU0469,COMP038,Shortlisted
APP02317,STU0469,COMP002,Shortlisted
APP02318,STU0469,COMP022,Applied
APP02319,STU0469,COMP025,Applied
APP02320,STU0470,COMP020,Offered
APP02321,STU0470,COMP008,Applied
APP02322,STU0470,COMP022,Applied
APP02323,STU0471,COMP027,Applied
APP02324,STU0471,COMP018,Interviewed
APP02325,STU0471,COMP002,Applied
APP02326,STU0471,COMP031,Interviewed
APP02327,STU0471,COMP038,Applied
APP02328,STU0471,COMP021,Interviewed
APP02329,STU0471,COMP025,Shortlisted
APP02330,STU0472,COMP035,Interviewed
APP02331,STU0472,COMP014,Applied
APP02332,STU0472,COMP019,Applied
APP02333,STU0473,COMP038,Interviewed
APP02334,STU0473,COMP007,Offered
APP02335,STU0473,COMP022,Applied
APP02336,STU0474,COMP020,Interviewed
APP02337,STU0474,COMP028,Applied
APP02338,STU0474,COMP035,Applied
APP02339,STU0474,COMP021,Applied
APP02340,STU0474,COMP013,Applied
APP02341,STU0474,COMP027,Interviewed
APP02342,STU0474,COMP026,Applied
APP02343,STU0475,COMP018,Offered
APP02344,STU0475,COMP035,Applied
APP02345,STU0475,COMP028,Applied
APP02346,STU0475,COMP037,Applied
APP02347,STU0475,COMP004,Shortlisted
APP02348,STU0475,COMP034,Applied
APP02349,STU0476,COMP027,Shortlisted
APP02350,STU0476,COMP018,Applied
APP02351,STU0476,COMP019,Offered
APP02352,STU0476,COMP011,Applied
APP02353,STU0477,COMP032,Offered
APP02354,STU0477,COMP036,Applied
APP02355,STU0477,COMP028,Applied
APP02356,STU0477,COMP038,Shortlisted
APP02357,STU0477,COMP003,Applied
APP02358,STU0477,COMP013,Applied
APP02359,STU0478,COMP004,Applied
APP02360,STU0478,COMP006,Applied
APP02361,STU0478,COMP021,Applied
APP02362,STU0479,COMP024,Applied
APP02363,STU0479,COMP006,Applied
APP02364,STU0479,COMP026,Shortlisted
APP02365,STU0479,COMP009,Applied
APP02366,STU0479,COMP016,Applied
APP02367,STU0479,COMP008,Applied
APP02368,STU0480,COMP006,Applied
APP02369,STU0480,COMP016,Applied
APP02370,STU0480,COMP008,Applied
APP02371,STU0480,COMP021,Offered
APP02372,STU0480,COMP022,Interviewed
APP02373,STU0480,COMP025,Interviewed
APP02374,STU0481,COMP021,Applied
APP02375,STU0481,COMP035,Interviewed
APP02376,STU0481,COMP028,Offered
APP02377,STU0482,COMP002,Interviewed
APP02378,STU0482,COMP039,Applied
APP02379,STU0482,COMP003,Applied
APP02380,STU0482,COMP004,Applied
APP02381,STU0482,COMP016,Applied
APP02382,STU0483,COMP029,Applied
APP02383,STU0483,COMP025,Applied
APP02384,STU0483,COMP001,Shortlisted
APP02385,STU0483,COMP026,Applied
APP02386,STU0484,COMP014,Applied
APP02387,STU0484,COMP011,Interviewed
APP02388,STU0484,COMP029,Applied
APP02389,STU0484,COMP021,Applied
APP02390,STU0484,COMP027,Applied
APP02391,STU0485,COMP028,Interviewed
APP02392,STU0485,COMP007,Applied
APP02393,STU0485,COMP011,Applied
APP02394,STU0485,COMP017,Applied
APP02395,STU0485,COMP033,Applied
APP02396,STU0486,COMP029,Interviewed
APP02397,STU0486,COMP009,Interviewed
APP02398,STU0486,COMP001,Applied
APP02399,STU0486,COMP026,Applied
APP02400,STU0487,COMP039,Applied
APP02401,STU0487,COMP027,Applied
APP02402,STU0487,COMP021,Shortlisted
APP02403,STU0487,COMP029,Applied
APP02404,STU0488,COMP013,Interviewed
APP02405,STU0488,COMP006,Applied
APP02406,STU0488,COMP027,Interviewed
APP02407,STU0488,COMP024,Applied
APP02408,STU0488,COMP012,Interviewed
APP02409,STU0489,COMP011,Applied
APP02410,STU0489,COMP004,Shortlisted
APP02411,STU0489,COMP026,Offered
APP02412,STU0489,COMP040,Applied
APP02413,STU0489,COMP028,Applied
APP02414,STU0490,COMP032,Offered
APP02415,STU0490,COMP008,Applied
APP02416,STU0490,COMP015,Applied
APP02417,STU0490,COMP014,Applied
APP02418,STU0490,COMP013,Shortlisted
APP02419,STU0490,COMP018,Offered
APP02420,STU0491,COMP017,Applied
APP02421,STU0491,COMP016,Applied
APP02422,STU0491,COMP040,Interviewed
APP02423,STU0491,COMP029,Applied
APP02424,STU0491,COMP024,Applied
APP02425,STU0492,COMP025,Offered
APP02426,STU0492,COMP028,Applied
APP02427,STU0492,COMP039,Applied
APP02428,STU0492,COMP017,Shortlisted
APP02429,STU0493,COMP003,Applied
APP02430,STU0493,COMP001,Shortlisted
APP02431,STU0493,COMP017,Offered
APP02432,STU0493,COMP033,Applied
APP02433,STU0493,COMP025,Applied
APP02434,STU0493,COMP020,Applied
APP02435,STU0493,COMP026,Shortlisted
APP02436,STU0494,COMP010,Applied
APP02437,STU0494,COMP017,Applied
APP02438,STU0494,COMP008,Offered
APP02439,STU0494,COMP021,Applied
APP02440,STU0494,COMP003,Shortlisted
APP02441,STU0494,COMP009,Applied
APP02442,STU0495,COMP021,Offered
APP02443,STU0495,COMP028,Interviewed
APP02444,STU0495,COMP011,Shortlisted
APP02445,STU0495,COMP040,Applied
APP02446,STU0495,COMP032,Interviewed
APP02447,STU0495,COMP010,Applied
APP02448,STU0495,COMP029,Applied
APP02449,STU0496,COMP008,Applied
APP02450,STU0496,COMP023,Interviewed
APP02451,STU0496,COMP006,Shortlisted
APP02452,STU0496,COMP014,Applied
APP02453,STU0497,COMP001,Applied
APP02454,STU0497,COMP034,Applied
APP02455,STU0497,COMP037,Applied
APP02456,STU0497,COMP012,Shortlisted
APP02457,STU0497,COMP027,Applied
APP02458,STU0497,COMP005,Interviewed
APP02459,STU0497,COMP016,Applied
APP02460,STU0498,COMP002,Applied
APP02461,STU0498,COMP006,Applied
APP02462,STU0498,COMP030,Applied
APP02463,STU0498,COMP031,Shortlisted
APP02464,STU0499,COMP029,Offered
APP02465,STU0499,COMP021,Applied
APP02466,STU0499,COMP037,Applied
APP02467,STU0499,COMP009,Applied
APP02468,STU0499,COMP014,Shortlisted
APP02469,STU0499,COMP004,Applied
APP02470,STU0499,COMP019,Shortlisted
APP02471,STU0500,COMP025,Offered
APP02472,STU0500,COMP026,Applied
APP02473,STU0500,COMP019,Shortlisted
APP02474,STU0500,COMP010,Shortlisted
